../SAT2019/sr2019/new/Bebel/toughsat_24bits_3.cnf,SAT,72.876
../SAT2018/Manthey/Problem14_label57_false-unreach-call.c.cnf,SAT,96.090
../SAT2018/Harder/ecarev-110-1031-23-40-8.cnf,SAT,977.435
../SAT2018/final/CRIL/T105.2.0.cnf,UNSAT,434.495
../SAT2019/sr2019/old/sokoban-p16.sas.ex.19-sc2016.cnf,-,5000.052
../SAT2018/Chen/20180321_140833987_p_cnf_320_1120.cnf,-,5000.005
../SAT2019/sr2019/new/Zhou/CarSequencing-90-01_c18.cnf,SAT,59.586
../SAT2019/sr2019/old/par32-1-c.shuffled-as.sat03-1531-sc2002.cnf,-,5000.043
../SAT2019/sr2019/new/Chen/hcp_d22_22.cnf,-,5000.013
../SAT2018/Biere/sdiv20prop.cnf,-,5000.004
../SAT2019/sr2019/old/mod2c-3cage-unsat-10-3.sat05-2568.reshuffled-07-sc2007.cnf,UNSAT,2494.292
../SAT2019/sr2019/new/Zaikin/Grain_no_init_ver1_out200_known_last105_0.cnf,SAT,60.926
../SAT2019/sr2019/old/mrpp_6x6#12_24-sc2013.cnf,SAT,6.629
../SAT2019/sr2019/old/20180326_095804936_p_cnf_320_1120-sc2018.cnf,-,5000.005
../SAT2018/final/Johnson/sted5_0x0-70.cnf,-,5000.013
../SAT2019/sr2019/old/hwb-n26-01-S1957858365.shuffled-as.sat03-1622-sc2002.cnf,UNSAT,1895.952
../SAT2019/sr2019/old/rubikcube701-sc2017.cnf,UNSAT,3376.960
../SAT2019/sr2019/old/slp-synthesis-aes-bottom18-sc2011.cnf,-,5000.012
../SAT2018/Heule/CNP-5-1000.cnf,SAT,112.724
../SAT2018/Ehlers/ex067_10.cnf,SAT,34.397
../SAT2018/Heusser/satcoin-genesis-SAT-32.cnf,SAT,4.439
../SAT2018/Heule/CNP-5-1800.cnf,SAT,31.569
../SAT2018/Jingchao/e_rphp056_05.cnf,-,5000.014
../SAT2018/final/Collatz/ax-d-4-7-5.cnf,SAT,1231.886
../SAT2019/sr2019/new/Biere/eqsparcl12bpwtrc12.cnf,-,5000.011
../SAT2019/sr2019/old/gus-md5-14-sc2009.cnf,-,5000.008
../SAT2018/Ehlers/ex015_14.cnf,-,5000.038
../SAT2019/sr2019/new/Skladanivskyy/sha1r17m145ABCD_p.cnf,SAT,1552.996
../SAT2019/sr2019/old/partial-5-11-u-sc2007.cnf,-,5000.015
../SAT2018/Heusser/satcoin-genesis-SAT-512.cnf,SAT,49.437
../SAT2018/Biere/sdiv40prop.cnf,-,5000.010
../SAT2019/sr2019/old/003-sc2013.cnf,SAT,3103.594
../SAT2018/final/Johnson/sted5_0x0-60.cnf,-,5000.016
../SAT2018/final/Zhou/si2-b06m-m1000-03.cnf,SAT,28.321
../SAT2019/sr2019/old/x2_128.shuffled-as.sat03-1598-sc2002.cnf,-,5000.020
../SAT2018/final/CRIL/T87.2.0.cnf,UNSAT,875.940
../SAT2018/Scheel/cms-scheel-md5-families-r24-c7-p1-5-6-12-16-18-19.cnf,SAT,1081.988
../SAT2019/sr2019/old/Nb7T44-sc2017.cnf,SAT,92.936
../SAT2018/final/Collatz/mod8-abd-yad.rules.7-7.cnf,SAT,75.061
../SAT2018/Heule/CNP-5-700.cnf,SAT,39.847
../SAT2019/sr2019/old/EDP3-70000-sc2014.cnf,-,5000.051
../SAT2019/sr2019/old/Schur_161_5_d22-sc2016.cnf,-,5000.019
../SAT2018/Heusser/satcoin-genesis-SAT-1024.cnf,SAT,116.018
../SAT2019/sr2019/new/Heule/MM-23-2-2-3-A.cnf,-,5000.013
../SAT2019/sr2019/new/Bebel/toughsat_28bits_0.cnf,-,5000.005
../SAT2018/Xiao/Nb37T6.cnf,UNSAT,681.720
../SAT2019/sr2019/new/Zhou/knight_20.cnf,-,5000.040
../SAT2019/sr2019/new/Biere/eqbpdtlf14spdtlf14.cnf,-,5000.007
../SAT2019/sr2019/old/ezfact64_8.shuffled-as.sat03-1524-sc2002.cnf,SAT,109.207
../SAT2019/sr2019/new/Skladanivskyy/sha1r17m145ABCD.cnf,SAT,2402.722
../SAT2018/Ehlers/ex177_12.cnf,-,5000.084
../SAT2019/sr2019/new/Savicky/size_4_4_4_i4295_r8.cnf,UNSAT,246.239
../SAT2018/Scheel/cms-scheel-md5-families-r24-c6-p1-4-6-13-14-18.cnf,SAT,1734.344
../SAT2019/sr2019/old/uniqinv47prop-sc2018.cnf,UNSAT,2849.478
../SAT2019/sr2019/new/vonHolten/b1904P1-8x8c6h7SAT.cnf,-,5000.033
../SAT2018/Heule/CNP-5-500.cnf,SAT,40.861
../SAT2019/sr2019/new/Zaikin/ASG_72_keystream76_1.cnf,SAT,2599.183
../SAT2018/Mayer-Eichberger/9-4-10.cnf,-,5000.019
../SAT2019/sr2019/old/QG7a-gensys-icl001.sat05-3822.reshuffled-07-sc2007.cnf,UNSAT,81.761
../SAT2019/sr2019/old/aes_32_3_keyfind_1-sc2011.cnf,SAT,2447.269
../SAT2018/Manthey/Problem14_label19_true-unreach-call.c.cnf,UNSAT,104.619
../SAT2019/sr2019/new/Zaikin/Trivium_no_init_out350_known_last143_1_u.cnf,UNSAT,1563.654
../SAT2019/sr2019/old/ezfact64_6.shuffled-as.sat03-1522-sc2002.cnf,SAT,315.550
../SAT2019/sr2019/new/Skladanivskyy/sha1r17m75a.cnf,SAT,234.548
../SAT2018/Chowdhury/gto_p50c314_1.cnf,-,5000.023
../SAT2018/final/Johnson/sted5_0x1e3-20.cnf,-,5000.014
../SAT2018/final/Soos/apn-sbox6-cut3-helpbox31.cnf,SAT,918.222
../SAT2018/final/Zhou/bibd-8-70-35-4-15_glb.cnf,SAT,9.674
../SAT2018/final/CRIL/T84.2.0.cnf,UNSAT,503.734
../SAT2019/sr2019/new/Zhou/Mario-t-hard-2_c18.cnf,SAT,77.201
../SAT2018/Chen/20180322_164226661_p_cnf_320_1120.cnf,-,5000.012
../SAT2019/sr2019/new/Biere/eqbparrc18spwtrc18.cnf,-,5000.014
../SAT2019/sr2019/old/atco_enc1_opt2_20_12-sc2014.cnf,UNSAT,2407.453
../SAT2019/sr2019/new/Heule/MM-23-2-2-2-2-B.cnf,-,5000.018
../SAT2018/Jingchao/ae_rphp075_04.cnf,UNSAT,1202.529
../SAT2018/Scheel/cms-scheel-md4-families-r24-c5-p5-13-16-17-19.cnf,SAT,1036.218
../SAT2019/sr2019/new/Chen/hcp_r20_20.cnf,SAT,10.224
../SAT2019/sr2019/old/aaai10-planning-ipc5-TPP-21-step11-sc2011.cnf,UNSAT,451.871
../SAT2019/sr2019/old/le450_15b.col.15-sc2018.cnf,-,5000.009
../SAT2018/Heusser/satcoin-genesis-SAT-256.cnf,SAT,21.233
../SAT2019/sr2019/new/Chen/hcp_CP26_26.cnf,-,5000.054
../SAT2018/Chen/20180322_164226378_p_cnf_320_1120.cnf,-,5000.031
../SAT2018/final/Johnson/sted5_0x1e3-60.cnf,-,5000.012
../SAT2018/Manthey/pals_lcr.8_overflow_false-unreach-call.ufo.UNBOUNDED.pals.c.cnf,UNSAT,261.100
../SAT2018/final/Soos/apn-sbox6-cut5-helpbox29.cnf,SAT,100.867
../SAT2018/final/Johnson/sted5_0x0-50.cnf,SAT,95.364
../SAT2018/Scheel/cms-scheel-md5-families-r24-c5-p6-11-15-16-19.cnf,UNSAT,13.801
../SAT2019/sr2019/new/Bebel/toughsat_22bits_1.cnf,SAT,19.029
../SAT2019/sr2019/new/Zaikin/Trivium_no_init_out350_known_last142_1.cnf,SAT,3794.542
../SAT2018/Chen/20180322_164245263_p_cnf_320_1120.cnf,-,5000.043
../SAT2019/sr2019/old/SAT_dat.k100-sc2012.cnf,UNSAT,367.421
../SAT2019/sr2019/old/mrpp_8x8#20_24-sc2014.cnf,SAT,1106.849
../SAT2019/sr2019/new/Chen/hcp_CP16_16.cnf,SAT,3396.352
../SAT2018/final/Soos/apn-sbox6-cut5-helpbox30.cnf,SAT,656.673
../SAT2018/final/Collatz/full-by-za.rules.5-7.cnf,SAT,88.145
../SAT2018/Heule/CNP-5-1400.cnf,SAT,29.863
../SAT2018/Liang/assoc_mult_err_3.c.cnf,UNSAT,26.619
../SAT2018/Chen/20180326_095801070_p_cnf_320_1120.cnf,-,5000.009
../SAT2019/sr2019/new/Manthey/sv-comp19_prop-reachsafety.sigma_false-unreach-call.i-witness.cnf,SAT,459.224
../SAT2019/sr2019/new/Zaikin/ASG_96_len112_known_last13_2.cnf,SAT,47.748
../SAT2019/sr2019/old/LABS_n066_goal005-sc2013.cnf,-,5000.017
../SAT2018/Ehlers/ex145_11.cnf,-,5000.011
../SAT2019/sr2019/old/aaai10-planning-ipc5-pathways-17-step21-sc2011.cnf,SAT,53.680
../SAT2018/Chen/20180326_095804936_p_cnf_320_1120.cnf,-,5000.009
../SAT2019/sr2019/new/Bebel/toughsat_23bits_3.cnf,SAT,214.104
../SAT2018/final/Collatz/cz-3-7-7.cnf,UNSAT,1267.224
../SAT2018/Liang/sqrt_ineq_2.c.cnf,SAT,21.562
../SAT2018/Biere/uniqinv20prop.cnf,UNSAT,116.175
../SAT2019/sr2019/old/UR-20-5p1-sc2009.cnf,SAT,515.974
../SAT2018/Mayer-Eichberger/10-3-13.cnf,-,5000.019
../SAT2018/Konan/TimetableCNFEncoding_16_UNKNOWN.cnf,-,5000.021
../SAT2019/sr2019/old/ctl_4291_567_2_unsat_pre-sc2013.cnf,UNSAT,2629.324
../SAT2019/sr2019/old/pb_300_10_lb_08-sc2014.cnf,UNSAT,126.540
../SAT2019/sr2019/old/blocks-blocks-37-1.130-NOTKNOWN-sc2011.cnf,UNSAT,1560.577
../SAT2019/sr2019/old/bob12s06-sc2013.cnf,UNSAT,3029.076
../SAT2019/sr2019/new/Zaikin/ASG_96_len112_known_last12_2_u.cnf,SAT,193.551
../SAT2018/final/Johnson/sted5_0x24204-70.cnf,-,5000.007
../SAT2019/sr2019/old/slp-synthesis-aes-bottom22-sc2011.cnf,-,5000.010
../SAT2018/Mayer-Eichberger/8-4-10.cnf,-,5000.017
../SAT2018/Mayer-Eichberger/7-5-6.cnf,-,5000.046
../SAT2018/Jingchao/ae_rphp056_05.cnf,-,5000.011
../SAT2019/sr2019/new/Zaikin/Mickey_out250_known_last146_0.cnf,SAT,4.975
../SAT2018/Mayer-Eichberger/8-5-6.cnf,-,5000.023
../SAT2019/sr2019/old/007-sc2013.cnf,SAT,96.089
../SAT2019/sr2019/old/SAT_dat.k85-sc2013.cnf,UNSAT,1873.342
../SAT2018/Chowdhury/gto_p60c238.cnf,UNSAT,732.558
../SAT2019/sr2019/old/minxorminand128-sc2009.cnf,UNSAT,1338.153
../SAT2018/final/Soos/apn-sbox6-cut4-helpbox23.cnf,-,5000.018
../SAT2018/Chen/20180321_110706599_p_cnf_320_1120.cnf,-,5000.035
../SAT2018/final/CRIL/T62.2.0.cnf,UNSAT,561.290
../SAT2019/sr2019/new/Bebel/toughsat_26bits_0.cnf,SAT,909.168
../SAT2018/Liang/assoc2.c.cnf,-,5000.010
../SAT2019/sr2019/old/24.4-sc2017.cnf,-,5000.010
../SAT2019/sr2019/old/maxxor032-sc2011.cnf,UNSAT,26.287
../SAT2018/Manthey/Problem14_label20_true-unreach-call.c.cnf,UNSAT,6.164
../SAT2019/sr2019/old/slp-synthesis-aes-top21-sc2011.cnf,-,5000.025
../SAT2018/Manthey/terminator_03_true-unreach-call_true-termination.i.cnf,UNSAT,87.918
../SAT2019/sr2019/new/Savicky/size_4_4_4_i2704_r8.cnf,UNSAT,830.738
../SAT2018/Zha/factoring87654321x12345678.cnf,SAT,438.902
../SAT2019/sr2019/new/Manthey/sv-comp19_prop-reachsafety.fib_bench_longest_false-unreach-call.i-witness.cnf,SAT,298.667
../SAT2019/sr2019/new/Zaikin/MASG0_72_keystream76_0.cnf,SAT,4131.879
../SAT2019/sr2019/new/Skladanivskyy/sha1r17m72a.cnf,SAT,11.028
../SAT2019/sr2019/new/Heule/MM-23-2-2-2-4-B.cnf,-,5000.012
../SAT2018/final/CRIL/T129.2.0.cnf,UNSAT,543.983
../SAT2018/final/Collatz/by-alt-5-7.cnf,SAT,133.911
../SAT2018/final/Zhou/bibd-19-57-9-3-1_glb.cnf,SAT,1.687
../SAT2018/Manthey/pals_lcr-var-start-time.6_true-unreach-call.ufo.UNBOUNDED.pals.c.cnf,UNSAT,133.320
../SAT2018/Devriendt/huck.col.11.cnf,UNSAT,2.860
../SAT2018/final/Johnson/sted1_0x0-380.cnf,-,5000.010
../SAT2019/sr2019/new/vonHolten/b1904P2-8x8c9h5SAT.cnf,-,5000.007
../SAT2019/sr2019/new/Biere/eqbpdtlf16spdtlf16.cnf,-,5000.012
../SAT2019/sr2019/new/Savicky/size_5_5_5_i218_r12.cnf,SAT,2911.017
../SAT2018/Ofer/courses0.12_2017_9.cnf,-,5000.023
../SAT2019/sr2019/old/sin.c.75.smt2-cvc4-sc2016.cnf,-,5000.199
../SAT2018/Heusser/satcoin-genesis-SAT-128.cnf,SAT,10.358
../SAT2019/sr2019/old/aes_equiv_encry_3_rounds.debugged-sc2012.cnf,UNSAT,466.497
../SAT2018/Ehlers/ex175_20.cnf,SAT,668.462
../SAT2019/sr2019/old/gss-33-s100-sc2009.cnf,-,5000.038
../SAT2019/sr2019/old/connm-ue-csp-sat-n800-d0.02-s111845174.used-as.sat04-958-sc2011.cnf,-,5000.003
../SAT2019/sr2019/new/Savicky/size_5_5_5_i260_r12.cnf,-,5000.016
../SAT2018/Manthey/Problem14_label55_true-unreach-call.c.cnf,UNSAT,104.574
../SAT2019/sr2019/old/total-10-15-s-sc2007.cnf,SAT,102.488
../SAT2019/sr2019/new/Manthey/sv-comp19_prop-reachsafety.26_stack_cas_longer_false-unreach-call.i-witness.cnf,SAT,778.224
../SAT2019/sr2019/old/004-80-8-sc2014.cnf,SAT,3229.225
../SAT2018/Ofer/exams0.04_2017_9.cnf,SAT,4348.295
../SAT2018/Ofer/course_flat_0.12_2018_3_5.cnf,-,5000.021
../SAT2018/Biere/udiv46prop.cnf,UNSAT,2110.988
../SAT2019/sr2019/old/f10nidw-sc2012.cnf,UNSAT,489.881
../SAT2018/Devriendt/le450_15a.col.15.cnf,-,5000.026
../SAT2019/sr2019/old/hitag2-8-60-0-0x880693399044612-25-SAT-sc2013.cnf,-,5000.007
../SAT2019/sr2019/new/vonHolten/b1904P3-8x8c11h7SAT.cnf,SAT,4836.112
../SAT2018/Biere/uniqinv25prop.cnf,UNSAT,321.572
../SAT2018/final/Zhou/frb35-17-5_ext.cnf,SAT,17.896
../SAT2019/sr2019/old/Nb51T6-sc2018.cnf,UNSAT,3370.163
../SAT2018/Manthey/Problem11_label51_false-unreach-call.c.cnf,SAT,194.535
../SAT2019/sr2019/new/Zhou/Subisomorphism-g10-g23_c18.cnf,-,5000.062
../SAT2019/sr2019/new/Heule/MM-23-2-2-2-2-D.cnf,-,5000.015
../SAT2018/Devriendt/le450_15c.col.15.cnf,-,5000.028
../SAT2019/sr2019/old/ablmulub16x4o-sc2016.cnf,UNSAT,128.296
../SAT2019/sr2019/old/mulhs016-sc2009.cnf,-,5000.071
../SAT2018/Ofer/course_flat_0.12_2018_3_1.cnf,SAT,167.608
../SAT2018/final/Zhou/si2-r001-m200-00.cnf,SAT,37.040
../SAT2018/Biere/uniqinv40prop.cnf,UNSAT,1485.141
../SAT2019/sr2019/old/9dlx_vliw_at_b_iq8-sc2007.cnf,UNSAT,1105.825
../SAT2018/Xiao/Nb13T166.cnf,-,5000.103
../SAT2019/sr2019/old/manthey_single-ordered-initialized-w50-b7-sr2015.cnf,UNSAT,2257.177
../SAT2018/final/CRIL/T93.2.0.cnf,UNSAT,412.060
../SAT2018/Harder/ecarev-110-1031-23-40-3.cnf,UNSAT,17.893
../SAT2018/Konan/TimetableCNFEncoding_5_UNKNOWN.cnf,-,5000.022
../SAT2019/sr2019/old/6s133-sc2014.cnf,UNSAT,412.348
../SAT2018/Chowdhury/gto_p60c234.cnf,UNSAT,277.580
../SAT2019/sr2019/new/Biere/cruxmiter29seed9.cnf,-,5000.011
../SAT2019/sr2019/old/slp-synthesis-aes-bottom13-sc2011.cnf,UNSAT,28.126
../SAT2018/Liang/dist4.c.cnf,UNSAT,95.254
../SAT2018/Scheel/cms-scheel-md4-families-r24-c5-p1-5-10-12-18.cnf,UNSAT,1.191
../SAT2018/Devriendt/queen8_8.col.9.cnf,UNSAT,3399.521
../SAT2019/sr2019/old/manthey_DimacsSorter_37_3-sr2015.cnf,SAT,428.103
../SAT2019/sr2019/new/Savicky/size_5_5_5_i198_r12.cnf,SAT,438.440
../SAT2019/sr2019/old/IBM_FV_2004_rule_batch_2_31_2_SAT_dat.k45.debugged-sc2012.cnf,-,5000.015
../SAT2018/Liang/dist6.c.cnf,UNSAT,89.156
../SAT2018/final/Zhou/magicSquare-8_glb.cnf,-,5000.030
../SAT2019/sr2019/new/Biere/eqbpwtrc10bpdtlf10.cnf,UNSAT,131.490
../SAT2018/final/Zhou/si2-m4Dr2-m256-08.cnf,SAT,18.102
../SAT2019/sr2019/new/Heule/MM-23-3-3-A.cnf,-,5000.014
../SAT2018/final/CRIL/T116.2.0.cnf,UNSAT,336.368
../SAT2019/sr2019/old/atco_enc3_opt2_10_12-sc2014.cnf,UNSAT,1703.020
../SAT2018/Heusser/satcoin-genesis-SAT-4096.cnf,SAT,241.985
../SAT2019/sr2019/new/Savicky/size_5_5_5_i063_r12.cnf,SAT,2733.621
../SAT2018/final/Zhou/si2-r001-m200-09.cnf,SAT,29.067
../SAT2018/Biere/udiv48prop.cnf,UNSAT,2754.241
../SAT2018/Ehlers/ex065_24.cnf,-,5000.015
../SAT2019/sr2019/new/Biere/eqspctbk14sparcl14.cnf,-,5000.005
../SAT2019/sr2019/old/6s169-opt-sc2014.cnf,UNSAT,12.289
../SAT2019/sr2019/old/unsat-set-a-fclqcolor-20-13-14.sat05-1278.reshuffled-07-sc2007.cnf,-,5000.075
../SAT2018/final/Collatz/bx-d-4-7-8.cnf,-,5000.006
../SAT2018/Harder/ecarev-110-1031-23-40-5.cnf,SAT,757.633
../SAT2019/sr2019/old/ctl_4291_567_5_unsat_pre-sc2014.cnf,-,5000.011
../SAT2019/sr2019/old/AProVE07-26-sc2007.cnf,-,5000.044
../SAT2018/Zha/prime_200560490131.cnf,UNSAT,99.938
../SAT2018/Konan/TimetableCNFEncoding_8_UNKNOWN.cnf,-,5000.025
../SAT2018/Heule/CNP-5-1900.cnf,SAT,24.649
../SAT2019/sr2019/old/ps_5000_21250_3_0_0.7_0_1.45_4-sc2017.cnf,-,5000.022
../SAT2019/sr2019/new/Bebel/toughsat_25bits_0.cnf,SAT,109.872
../SAT2019/sr2019/old/e_rphp035_05-sc2018.cnf,UNSAT,3338.404
../SAT2018/Scheel/cms-scheel-md5-families-r24-c5-p2-7-8-15-19.cnf,SAT,347.230
../SAT2018/final/Collatz/less-cy-caa.rules.4-9.cnf,SAT,92.621
../SAT2019/sr2019/old/6s126-opt-sc2014.cnf,-,5000.028
../SAT2018/Porkhunov/mchess_16.cnf,UNSAT,448.025
../SAT2018/Jingchao/a_rphp055_04.cnf,UNSAT,225.977
../SAT2018/final/Johnson/sted5_0x24204-50.cnf,SAT,20.440
../SAT2018/final/Soos/apn-sbox6-cut3-helpbox29.cnf,SAT,2254.151
../SAT2018/Ehlers/ex175_17.cnf,-,5000.167
../SAT2019/sr2019/old/b_unsat-sc2013.cnf,UNSAT,1490.242
../SAT2018/Devriendt/queen12_12.col.12.cnf,UNSAT,581.252
../SAT2018/Chen/20180322_164238439_p_cnf_320_1120.cnf,-,5000.006
../SAT2018/Heule/CNP-5-900.cnf,SAT,980.625
../SAT2018/final/CRIL/T117.2.0.cnf,UNSAT,574.911
../SAT2019/sr2019/new/Skladanivskyy/sha1r17m66a.cnf,SAT,160.917
../SAT2019/sr2019/old/atco_enc1_opt2_10_16-sc2014.cnf,SAT,78.450
../SAT2019/sr2019/new/Bebel/toughsat_25bits_2.cnf,SAT,335.812
../SAT2019/sr2019/old/atco_enc2_opt2_10_21-sc2014.cnf,SAT,51.750
../SAT2018/Ofer/course0.12_2018_3_5.cnf,-,5000.042
../SAT2018/Ehlers/ex157_10.cnf,SAT,590.163
../SAT2018/Ofer/course0.16_2018_3_5.cnf,SAT,354.349
../SAT2019/sr2019/new/Skladanivskyy/sha1r17m149ABCD_p.cnf,SAT,930.237
../SAT2019/sr2019/new/Savicky/size_4_4_4_i0418_r8.cnf,UNSAT,379.521
../SAT2019/sr2019/new/Heule/MM-22.cnf,-,5000.018
../SAT2019/sr2019/new/Zaikin/Trivium_no_init_out350_known_last143_1.cnf,SAT,359.720
../SAT2018/Xiao/Nb42T6.cnf,UNSAT,1079.471
../SAT2018/final/Collatz/bx-d-4-7-6.cnf,-,5000.012
../SAT2019/sr2019/new/Biere/eqspwtrc16bparrc16.cnf,-,5000.020
../SAT2019/sr2019/old/c6288mul.miter.shuffled-as.sat03-346-sc2002.cnf,UNSAT,689.051
../SAT2018/Biere/uniqinv46prop.cnf,UNSAT,2436.652
../SAT2018/final/Collatz/bz-X-4-7-6.cnf,SAT,3377.003
../SAT2018/Xiao/Nb8T60.cnf,SAT,717.781
../SAT2018/Xiao/Nb8T62.cnf,SAT,174.106
../SAT2018/Jingchao/ae_rphp045_05.cnf,-,5000.010
../SAT2018/final/CRIL/T90.2.0.cnf,UNSAT,737.750
../SAT2018/Scheel/cms-scheel-md4-families-r24-c6-p0-5-10-11-17-18.cnf,UNSAT,1.236
../SAT2019/sr2019/new/Heule/MM-23-2-4-A.cnf,-,5000.032
../SAT2018/Manthey/newton_3_6_false-unreach-call.i.cnf,SAT,500.570
../SAT2018/Harder/ecarev-110-1031-23-40-1.cnf,SAT,621.321
../SAT2018/Heusser/satcoin-genesis-SAT-8192.cnf,SAT,370.040
../SAT2018/Scheel/cms-scheel-md5-families-r24-c8-p0-3-5-6-14-16-18-19.cnf,SAT,4839.773
../SAT2018/Devriendt/le450_25a.col.25.cnf,-,5000.014
../SAT2019/sr2019/old/ablmulub2x32o-sc2016.cnf,UNSAT,378.064
../SAT2019/sr2019/new/Manthey/sv-comp19_prop-reachsafety.newton_3_8_false-unreach-call_true-termination.i-witness.cnf,SAT,108.980
../SAT2019/sr2019/new/Manthey/sv-comp19_prop-reachsafety.newton_2_4_true-unreach-call_true-termination.i-witness.cnf,UNSAT,440.469
../SAT2019/sr2019/new/Zhou/Mario-t-hard-5_c18.cnf,SAT,1.212
../SAT2018/Heusser/satcoin-genesis-SAT-64.cnf,SAT,5.220
../SAT2018/final/Johnson/sted1_0x1e3-200.cnf,-,5000.009
../SAT2018/final/Soos/apn-sbox5-cut4-symmbreak.cnf,-,5000.011
../SAT2019/sr2019/old/smtlib-qfbv-aigs-countbits128-tseitin-sc2011.cnf,UNSAT,1546.206
../SAT2018/Xiao/Nb44T6.cnf,UNSAT,1351.811
../SAT2018/final/Collatz/full-ax-xa.rules.7-7.cnf,SAT,573.262
../SAT2019/sr2019/old/dist6.c-sc2018.cnf,UNSAT,100.039
../SAT2019/sr2019/old/rpoc_xits_11_UNKNOWN-sc2009.cnf,-,5000.010
../SAT2018/final/Johnson/sted1_0x1e3-100.cnf,-,5000.016
../SAT2018/final/Collatz/cz-d-4-7-5.cnf,SAT,229.166
../SAT2018/Harder/ecarev-110-1031-23-40-7.cnf,SAT,333.721
../SAT2019/sr2019/new/Savicky/size_4_4_4_i4473_r8.cnf,UNSAT,294.535
../SAT2018/Liang/quadratic_loose_error.c.cnf,UNSAT,594.111
../SAT2019/sr2019/old/blocks-blocks-36-0.120-NOTKNOWN-sc2011.cnf,UNSAT,3677.101
../SAT2019/sr2019/old/snw_16_8_pre-sc2016.cnf,UNSAT,3717.726
../SAT2019/sr2019/old/li-exam-63.shuffled-as.sat03-368-sc2002.cnf,-,5000.055
../SAT2018/Liang/dist9.c.cnf,UNSAT,88.399
../SAT2018/Biere/sdiv25prop.cnf,-,5000.012
../SAT2018/Mayer-Eichberger/9-4-9.cnf,-,5000.016
../SAT2019/sr2019/old/partial-10-11-u-sc2007.cnf,-,5000.008
../SAT2018/Mayer-Eichberger/6-5-6.cnf,-,5000.022
../SAT2018/Devriendt/le450_25c.col.25.cnf,-,5000.028
../SAT2018/Mayer-Eichberger/6-3-8.cnf,SAT,150.324
../SAT2019/sr2019/old/58bits_13.dimacs-sr2015.cnf,-,5000.015
../SAT2018/Scheel/cms-scheel-md4-families-r24-c5-p0-7-10-15-19.cnf,SAT,27.169
../SAT2019/sr2019/old/62bits_14.dimacs-sr2015.cnf,-,5000.005
../SAT2019/sr2019/old/rbcl_xits_11_UNKNOWN-sc2009.cnf,-,5000.009
../SAT2018/final/Zhou/lei450-05b-05.cnf,SAT,54.457
../SAT2019/sr2019/old/cms-scheel-md5-families-r24-c8-p0-3-5-6-14-16-18-19-sc2018.cnf,SAT,1461.445
../SAT2018/Heusser/satcoin-genesis-SAT-4.cnf,SAT,1.126
../SAT2018/final/Zhou/queen8-8-9.cnf,SAT,3.386
../SAT2019/sr2019/old/custmulsb2x32o-sc2016.cnf,-,5000.047
../SAT2019/sr2019/new/Zaikin/Mickey_out250_known_last146_0_u.cnf,UNSAT,1270.792
../SAT2019/sr2019/old/newton.2.3.i.smt2-cvc4-sc2016.cnf,-,5000.029
../SAT2018/final/Johnson/sted5_0x24204-60.cnf,-,5000.011
../SAT2018/Ehlers/ex045_7.cnf,SAT,1295.119
../SAT2018/Biere/sdiv30prop.cnf,-,5000.020
../SAT2018/Ehlers/ex145_10.cnf,-,5000.018
../SAT2018/Chowdhury/gto_p60c295.cnf,-,5000.013
../SAT2019/sr2019/new/Zaikin/ASG_96_len112_known_last13_2_u.cnf,UNSAT,635.962
../SAT2018/Jingchao/a_rphp035_05.cnf,UNSAT,1685.476
../SAT2019/sr2019/old/6s20-sc2013.cnf,UNSAT,714.855
../SAT2019/sr2019/old/stable-400-0.1-4-9876543214004-sc2014.cnf,SAT,3334.446
../SAT2018/final/CRIL/T98.2.0.cnf,UNSAT,474.157
../SAT2019/sr2019/new/Zhou/Eternity-10-05_c18.cnf,SAT,7.622
../SAT2019/sr2019/new/Zhou/Eternity-10-06_c18.cnf,SAT,2055.064
../SAT2018/Liang/dist5.c.cnf,UNSAT,81.522
../SAT2018/Scheel/cms-scheel-md4-families-r24-c5-p0-5-11-13-18.cnf,SAT,4526.368
../SAT2019/sr2019/old/sokoban-p16.sas.ex.21-sc2016.cnf,-,5000.052
../SAT2018/final/Soos/apn-sbox6-cut4-helpbox31.cnf,SAT,617.612
../SAT2019/sr2019/old/tseitingrid7x160_shuffled-sc2016.cnf,-,5000.069
../SAT2019/sr2019/old/custmulun16x16o-sc2016.cnf,-,5000.008
../SAT2018/final/Zhou/ramsey-32-4.cnf,SAT,6.481
../SAT2018/Scheel/cms-scheel-md4-families-r24-c6-p2-4-9-16-17-19.cnf,UNSAT,1.889
../SAT2019/sr2019/old/hwmcc15deep-oski15a10b10s-k22-sc2017.cnf,UNSAT,3717.788
../SAT2018/Zha/factoring54018521x562448657.cnf,-,5000.009
../SAT2019/sr2019/new/Biere/eqsparrc12bpdtlf12.cnf,-,5000.007
../SAT2019/sr2019/old/squ_ali_s10x10_c39_abix_SAT-sc2017.cnf,SAT,108.237
../SAT2018/Liang/dist8.c.cnf,UNSAT,76.717
../SAT2019/sr2019/old/LABS_n071_goal001-sc2013.cnf,UNSAT,3878.025
../SAT2018/Devriendt/le450_25b.col.25.cnf,-,5000.039
../SAT2018/Biere/udiv45prop.cnf,UNSAT,1330.726
../SAT2018/final/CRIL/T103.2.0.cnf,UNSAT,517.238
../SAT2019/sr2019/new/Zaikin/Grain_no_init_ver1_out200_known_last104_0_u.cnf,-,5000.005
../SAT2019/sr2019/new/Manthey/sv-comp19_prop-reachsafety.triangular-longer_false-unreach-call.i-witness.cnf,SAT,361.542
../SAT2019/sr2019/new/Bebel/toughsat_24bits_1.cnf,SAT,112.719
../SAT2019/sr2019/new/Chen/hcp_CP24_24.cnf,-,5000.030
../SAT2019/sr2019/old/safe-30-h29-unsat-sc2007.cnf,-,5000.012
../SAT2018/final/Collatz/5or7mod8.rules.7-7.cnf,-,5000.013
../SAT2018/Jingchao/a_rphp065_04.cnf,UNSAT,574.124
../SAT2018/Harder/ecarev-110-4099-22-30-2.cnf,SAT,452.782
../SAT2018/Jingchao/ae_rphp055_04.cnf,UNSAT,222.618
../SAT2018/Mayer-Eichberger/6-4-6.cnf,-,5000.011
../SAT2019/sr2019/new/Zhou/Bibd-sc-10-03-08_c18.cnf,SAT,6.872
../SAT2018/Ofer/exams_flat_0.04_2017_9.cnf,SAT,2495.306
../SAT2018/Manthey/Problem14_label48_true-unreach-call.c.cnf,UNSAT,148.748
../SAT2019/sr2019/old/gto_p60c238-sc2018.cnf,UNSAT,1010.053
../SAT2019/sr2019/new/Heule/MM-23-2-2-2-2-3.cnf,-,5000.022
../SAT2019/sr2019/new/Zhou/SocialGolfers-6-6-7-cp_c18.cnf,-,5000.005
../SAT2019/sr2019/new/Heule/MM-23-5-B.cnf,-,5000.020
../SAT2019/sr2019/new/Biere/eqbparrc14spwtcl14.cnf,-,5000.056
../SAT2019/sr2019/old/countbitssrl032-sc2009.cnf,UNSAT,73.687
../SAT2018/final/CRIL/T56.2.0.cnf,UNSAT,434.789
../SAT2018/Heusser/satcoin-genesis-SAT-8.cnf,SAT,1.357
../SAT2018/Scheel/cms-scheel-md4-families-r24-c6-p1-9-13-16-18-19.cnf,SAT,567.202
../SAT2018/Konan/TimetableCNFEncoding_9_UNKNOWN.cnf,-,5000.023
../SAT2019/sr2019/new/Biere/eqspwtcl14bpwtcl14.cnf,-,5000.004
../SAT2018/Devriendt/queen13_13.col.13.cnf,-,5000.006
../SAT2018/Chen/20180326_095805836_p_cnf_320_1120.cnf,-,5000.017
../SAT2019/sr2019/new/Skladanivskyy/sha1r17m149ABCD.cnf,SAT,2145.518
../SAT2018/Heule/CNP-5-800.cnf,SAT,31.516
../SAT2019/sr2019/old/sokoban-p20.sas.ex.17-sc2016.cnf,-,5000.082
../SAT2019/sr2019/old/sted1_0x0-380-sc2018.cnf,-,5000.010
../SAT2018/Xiao/Nb11T118.cnf,-,5000.044
../SAT2018/Scheel/cms-scheel-md5-families-r24-c7-p1-3-6-10-11-14-15.cnf,UNSAT,5.768
../SAT2019/sr2019/old/li-test4-99.shuffled-as.sat03-377-sc2002.cnf,-,5000.024
../SAT2018/Biere/uniqinv47prop.cnf,UNSAT,2920.165
../SAT2019/sr2019/new/Bebel/toughsat_26bits_2.cnf,SAT,750.104
../SAT2019/sr2019/new/Zaikin/Mickey_out250_known_last147_0_u.cnf,UNSAT,549.665
../SAT2019/sr2019/old/ex145_11-sc2018.cnf,-,5000.010
../SAT2018/final/Soos/apn-sbox6-cut3-helpbox26.cnf,-,5000.016
../SAT2019/sr2019/new/Manthey/sv-comp19_prop-reachsafety.barrier_3t_true-unreach-call.i-witness.cnf,-,51.455
../SAT2019/sr2019/new/Chen/hcp_CP18_18.cnf,SAT,2924.497
../SAT2019/sr2019/old/sgen1-unsat-109-100-sc2009.cnf,-,5000.029
../SAT2019/sr2019/old/sokoban-p20.sas.ex.23-sc2016.cnf,-,5000.097
../SAT2019/sr2019/new/Biere/cruxmiter32seed4.cnf,-,5000.007
../SAT2019/sr2019/old/rbsat-v2400c266431g5-sc2009.cnf,-,5000.016
../SAT2018/Chen/20180322_164224543_p_cnf_320_1120.cnf,-,5000.016
../SAT2019/sr2019/old/slp-synthesis-aes-top26-sc2011.cnf,SAT,457.099
../SAT2019/sr2019/new/Heule/MM-23-2-2-2-3-4.cnf,-,5000.066
../SAT2018/Xiao/Nb54T6.cnf,UNSAT,2005.182
../SAT2019/sr2019/old/edges-024-4-5613555-1-00-sc2014.cnf,-,5000.005
../SAT2019/sr2019/old/UCG-20-10p1-sc2009.cnf,SAT,255.808
../SAT2018/final/CRIL/T96.2.0.cnf,UNSAT,451.575
../SAT2019/sr2019/new/Savicky/size_5_5_5_i171_r12.cnf,SAT,153.483
../SAT2019/sr2019/old/b04_s_unknown-sc2013.cnf,SAT,314.239
../SAT2018/Biere/udiv47prop.cnf,UNSAT,1908.220
../SAT2019/sr2019/old/vmpc_36.renamed-as.sat05-1922-sc2005.cnf,-,5000.079
../SAT2018/Manthey/sqrt_Householder_pseudoconstant_true-unreach-call.c.cnf,-,5000.063
../SAT2019/sr2019/old/Schur_160_5_d38-sc2016.cnf,SAT,199.873
../SAT2019/sr2019/old/ps_5000_21250_3_0_0.8_0_1.55_2-sc2017.cnf,UNSAT,3101.517
../SAT2019/sr2019/old/rubikcube912-sc2017.cnf,-,5000.007
../SAT2019/sr2019/new/Bebel/toughsat_27bits_0.cnf,SAT,642.714
../SAT2019/sr2019/old/ex175_17-sc2018.cnf,SAT,3928.824
../SAT2018/Devriendt/queen14_14.col.14.cnf,UNSAT,915.355
../SAT2018/Heule/CNP-5-100.cnf,SAT,192.211
../SAT2019/sr2019/old/jgiraldezlevy.2200.9086.08.40.149-sr2015.cnf,SAT,118.819
../SAT2019/sr2019/new/Manthey/sv-comp19_prop-reachsafety.25_stack_longest_false-unreach-call.i-witness.cnf,SAT,83.665
../SAT2018/Devriendt/le450_15b.col.15.cnf,-,5000.013
../SAT2019/sr2019/old/T103.2.1-sc2017.cnf,UNSAT,2429.239
../SAT2019/sr2019/new/Savicky/size_5_5_5_i235_r12.cnf,SAT,3926.055
../SAT2018/Chen/20180321_110707239_p_cnf_320_1120.cnf,-,5000.001
../SAT2018/Ehlers/ex177_13.cnf,-,5000.110
../SAT2019/sr2019/old/SGI_30_60_28_40_2-dir.shuffled-as.sat03-124-sc2002.cnf,-,5000.017
../SAT2019/sr2019/new/Zhou/Haystacks-ext-13_c18.cnf,-,5000.007
../SAT2019/sr2019/old/T169.1.0-sc2017.cnf,SAT,503.741
../SAT2019/sr2019/new/Biere/eqbpwtcl10spwtcl10.cnf,UNSAT,600.931
../SAT2018/Ofer/course_flat_0.12_2018_3.cnf,-,5000.034
../SAT2019/sr2019/old/partial-5-17-s-sc2007.cnf,-,5000.041
../SAT2018/Scheel/cms-scheel-md4-families-r24-c5-p1-8-9-16-19.cnf,UNSAT,1.359
../SAT2018/Mayer-Eichberger/7-4-7.cnf,-,5000.009
../SAT2018/Liang/dist7.c.cnf,UNSAT,71.076
../SAT2019/sr2019/old/gss-20-s100-sc2009.cnf,SAT,309.797
../SAT2019/sr2019/new/Chen/hcp_d24_24.cnf,-,5000.016
../SAT2019/sr2019/new/Manthey/sv-comp19_prop-reachsafety.newton_2_2_true-unreach-call_true-termination.i-witness.cnf,UNSAT,405.112
../SAT2019/sr2019/new/Zhou/Haystacks-ext-12_c18.cnf,UNSAT,526.885
../SAT2019/sr2019/new/Bebel/toughsat_24bits_2.cnf,SAT,317.132
../SAT2018/Manthey/avg_true-unreach-call.i.cnf,UNSAT,233.771
../SAT2019/sr2019/old/004-sc2013.cnf,SAT,82.951
../SAT2019/sr2019/old/crafted_n11_d6_c3_num24-sc2013.cnf,UNSAT,484.056
../SAT2019/sr2019/new/Zhou/knight_14.cnf,-,5000.053
../SAT2018/Chen/20180322_164241842_p_cnf_320_1120.cnf,SAT,1179.553
../SAT2018/Manthey/newton_3_4_true-unreach-call.i.cnf,UNSAT,2707.683
../SAT2019/sr2019/old/slp-synthesis-aes-bottom26-sc2011.cnf,-,5000.023
../SAT2018/final/Collatz/full-cy-caa.rules.7-7.cnf,SAT,18.368
../SAT2019/sr2019/old/hwb-n26-03-S540351185.sat05-490.reshuffled-07-sc2007.cnf,UNSAT,3921.167
../SAT2018/Chen/20180322_164223076_p_cnf_320_1120.cnf,-,5000.010
../SAT2018/Liang/commutativity3.c.cnf,-,5000.007
../SAT2018/final/CRIL/T77.2.0.cnf,UNSAT,412.012
../SAT2018/Biere/sdiv15prop.cnf,UNSAT,239.914
../SAT2019/sr2019/new/Chen/hcp_d12_12.cnf,SAT,7.227
../SAT2019/sr2019/old/smulo032-sc2012.cnf,UNSAT,148.238
../SAT2019/sr2019/old/6s166-sc2013.cnf,UNSAT,93.315
../SAT2019/sr2019/old/hwmcc15deep-6s516r-k18-sc2017.cnf,UNSAT,3685.652
../SAT2018/Harder/ecarev-110-1031-23-40-2.cnf,SAT,517.297
../SAT2018/final/Zhou/magicSquare-9_glb.cnf,SAT,28.743
../SAT2019/sr2019/new/Bebel/toughsat_29bits_0.cnf,-,5000.008
../SAT2019/sr2019/old/vmpc_31-sc2007.cnf,-,5000.014
../SAT2018/Mayer-Eichberger/10-4-10.cnf,-,5000.057
../SAT2019/sr2019/new/Zhou/Subisomorphism-g10-g27_c18.cnf,SAT,339.962
../SAT2019/sr2019/old/b04_s_2_unknown_pre-sc2013.cnf,SAT,2978.355
../SAT2018/Ofer/course0.12_2018_3_1.cnf,SAT,164.711
../SAT2018/Porkhunov/mchess_15.cnf,UNSAT,721.078
../SAT2019/sr2019/new/Zaikin/ASG_72_keystream76_2.cnf,SAT,551.944
../SAT2018/final/Zhou/frb35-17-5-mgd_ext.cnf,SAT,18.248
../SAT2018/Ofer/course0.2_2018_3_5.cnf,SAT,133.387
../SAT2019/sr2019/new/Zaikin/MASG_72_keystream76_0.cnf,SAT,2517.170
../SAT2019/sr2019/new/Biere/eqbpdtlf12bparrc12.cnf,UNSAT,1384.847
../SAT2019/sr2019/old/11pipe_11_ooo-sc2011.cnf,UNSAT,2390.452
../SAT2018/Chowdhury/gto_p50c311.cnf,-,5000.013
../SAT2019/sr2019/old/sgen1-sat-180-100-sc2009.cnf,-,5000.005
../SAT2019/sr2019/new/Biere/eqsparcl10bpwtrc10.cnf,UNSAT,400.352
../SAT2019/sr2019/old/UTI-20-10p0-sc2009.cnf,UNSAT,680.870
../SAT2018/Porkhunov/mchess_19.cnf,-,5000.036
../SAT2019/sr2019/new/Heule/MM-23-2-2-2-4-A.cnf,-,5000.026
../SAT2019/sr2019/new/Skladanivskyy/sha1r17m67a_p.cnf,SAT,82.856
../SAT2018/Liang/dist10.c.cnf,UNSAT,102.585
../SAT2019/sr2019/old/TimetableCNFEncoding_5_UNKNOWN-sc2018.cnf,-,5000.052
../SAT2019/sr2019/old/004-22-160-sc2014.cnf,-,5000.012
../SAT2018/Ehlers/ex095_8.cnf,-,5000.112
../SAT2019/sr2019/old/20180322_164224543_p_cnf_320_1120-sc2018.cnf,-,5000.003
../SAT2019/sr2019/new/Skladanivskyy/sha1r17m66a_p.cnf,SAT,694.780
../SAT2018/Liang/commutativity.c.cnf,-,5000.011
../SAT2019/sr2019/old/snw_16_8_nopre-sc2016.cnf,UNSAT,4667.686
../SAT2018/Manthey/filter_iir_true-unreach-call.c.cnf,UNSAT,3435.639
../SAT2019/sr2019/new/Biere/cruxmiter28seed8.cnf,UNSAT,450.485
../SAT2019/sr2019/new/Biere/eqsparrc14spctbk14.cnf,-,5000.009
../SAT2019/sr2019/old/289-unsat-21x14-sc2011.cnf,-,5000.015
../SAT2018/final/Johnson/sted1_0x1e3-300.cnf,-,5000.013
../SAT2018/Jingchao/ae_rphp095_04.cnf,UNSAT,4668.556
../SAT2019/sr2019/new/Zhou/Tal-08_c18.cnf,SAT,64.599
../SAT2018/Heule/CNP-5-600.cnf,SAT,38.935
../SAT2019/sr2019/new/Manthey/sv-comp19_prop-reachsafety.newton_2_8_false-unreach-call_true-termination.i-witness.cnf,SAT,73.865
../SAT2019/sr2019/old/squ_any_s09x07_c27_abio_UNS-sc2017.cnf,UNSAT,1033.537
../SAT2018/Zha/factoring39916801x54018521.cnf,SAT,2001.573
../SAT2018/Liang/sqrt_ineq_3.c.cnf,SAT,11.033
../SAT2019/sr2019/new/Manthey/sv-comp19_prop-reachsafety.newton_2_6_false-unreach-call_true-termination.i-witness.cnf,SAT,173.408
../SAT2019/sr2019/old/mod4block_2vars_10gates_u2_autoenc-sc2009.cnf,SAT,1217.157
../SAT2018/final/Soos/apn-sbox6-cut3-helpbox23.cnf,-,5000.015
../SAT2019/sr2019/new/Bebel/toughsat_22bits_0.cnf,SAT,54.055
../SAT2019/sr2019/new/Bebel/toughsat_23bits_2.cnf,SAT,256.011
../SAT2018/Jingchao/e_rphp055_04.cnf,UNSAT,197.045
../SAT2018/Chowdhury/gto_p60c233.cnf,UNSAT,210.609
../SAT2018/Biere/udiv35prop.cnf,UNSAT,117.615
../SAT2019/sr2019/old/UTI-20-5p0-sc2009.cnf,UNSAT,545.481
../SAT2019/sr2019/new/Skladanivskyy/sha1r17m75a_p.cnf,SAT,177.058
../SAT2018/Ehlers/ex065_25.cnf,SAT,4169.311
../SAT2019/sr2019/new/Heule/MM-23-2-2-2-2-M.cnf,-,5000.014
../SAT2018/final/Soos/apn-sbox6-cut4-helpbox26.cnf,-,5000.016
../SAT2019/sr2019/old/001-80-12-sc2014.cnf,-,5000.042
../SAT2018/Jingchao/e_rphp065_05.cnf,-,5000.010
../SAT2018/final/Zhou/patat-08-comp-3.cnf,SAT,47.481
../SAT2019/sr2019/new/Bebel/toughsat_23bits_0.cnf,SAT,77.746
../SAT2018/Chen/20180321_140823961_p_cnf_320_1120.cnf,-,5000.016
../SAT2018/Chowdhury/gto_p60c241.cnf,UNSAT,231.312
../SAT2018/Jingchao/e_rphp035_05.cnf,UNSAT,1341.931
../SAT2018/Devriendt/queen15_15.col.15.cnf,-,5000.012
../SAT2019/sr2019/new/Chen/hcp_CP20_20.cnf,-,5000.021
../SAT2019/sr2019/old/rbsat-v2100c215164g4-sc2011.cnf,-,5000.022
../SAT2018/Scheel/cms-scheel-md4-families-r24-c4-p6-13-17-19.cnf,SAT,289.684
../SAT2019/sr2019/new/Heule/MM-23-3-3-M.cnf,-,5000.019
../SAT2019/sr2019/old/ndhf_xits_19_UNKNOWN-sc2011.cnf,SAT,129.421
../SAT2018/Porkhunov/mchess_18.cnf,-,5000.005
../SAT2019/sr2019/old/blockpuzzle_5x10_s3_free4-sc2017.cnf,UNSAT,3151.676
../SAT2018/Konan/TimetableCNFEncoding_20_UNKNOWN.cnf,SAT,130.302
../SAT2018/Ofer/course0.12_2018_3_3.cnf,-,5000.013
../SAT2018/Heule/CNP-5-1600.cnf,SAT,28.271
../SAT2018/Jingchao/a_rphp056_05.cnf,-,5000.014
../SAT2019/sr2019/new/Zaikin/ASG_96_len112_known_last12_2.cnf,SAT,195.687
../SAT2018/Harder/ecarev-110-4099-22-30-5.cnf,SAT,614.214
../SAT2018/final/Soos/apn-sbox6-cut5-helpbox23.cnf,-,5000.041
../SAT2018/final/Johnson/sted5_0x0-40.cnf,SAT,0.502
../SAT2018/Ehlers/ex179_11.cnf,SAT,153.990
../SAT2019/sr2019/old/9_50-sc2017.cnf,SAT,242.366
../SAT2019/sr2019/new/Chen/hcp_d18_18.cnf,-,5000.060
../SAT2018/final/Collatz/mod8-bbd-zbd.rules.7-7.cnf,-,5000.020
../SAT2018/Heusser/satcoin-genesis-SAT-7.cnf,SAT,1.158
../SAT2019/sr2019/new/vonHolten/b1904P2-8x8c9h7UNSAT.cnf,-,5000.008
../SAT2019/sr2019/new/Bebel/toughsat_30bits_0.cnf,-,5000.036
../SAT2018/final/Johnson/sted5_0x1e3-40.cnf,-,5000.007
../SAT2019/sr2019/old/ae_rphp095_04-sc2018.cnf,-,5000.047
../SAT2019/sr2019/new/Savicky/size_5_5_5_i251_r12.cnf,SAT,2812.450
../SAT2019/sr2019/new/Biere/eqbpwtrc10spctbk10.cnf,UNSAT,360.723
../SAT2019/sr2019/new/Skladanivskyy/sha1r17m147ABCD_p.cnf,SAT,107.758
../SAT2019/sr2019/new/Zhou/Tal-07_c18.cnf,SAT,59.533
../SAT2019/sr2019/old/sokoban-p20.sas.ex.15-sc2016.cnf,-,5000.067
../SAT2019/sr2019/old/hwmcc10-timeframe-expansion-k45-pdtpmspalu-tseitin-sc2011.cnf,UNSAT,4813.714
../SAT2018/Ofer/course0.2_2018_3.cnf,SAT,3031.179
../SAT2018/final/Zhou/si2-b03m-m400-03.cnf,SAT,13.814
../SAT2018/Biere/sdiv17prop.cnf,UNSAT,2607.123
../SAT2019/sr2019/new/Skladanivskyy/sha1r17m146ABCD.cnf,SAT,2278.893
../SAT2018/Manthey/pals_floodmax.5_overflow_false-unreach-call.ufo.UNBOUNDED.pals.c.cnf,-,5000.013
../SAT2018/Konan/TimetableCNFEncoding_4_UNKNOWN.cnf,-,5000.026
../SAT2018/Konan/TimetableCNFEncoding_10_UNKNOWN.cnf,-,5000.027
../SAT2019/sr2019/new/Bebel/toughsat_25bits_3.cnf,SAT,362.310
../SAT2019/sr2019/old/aes_24_4_keyfind_2-sc2013.cnf,SAT,91.210
../SAT2018/Heule/CNP-5-1100.cnf,SAT,88.269
../SAT2018/final/Johnson/sted1_0x24204-380.cnf,-,5000.016
../SAT2018/Chen/20180321_140826713_p_cnf_320_1120.cnf,-,5000.026
../SAT2018/Chen/20180321_140824282_p_cnf_320_1120.cnf,-,5000.003
../SAT2018/final/Johnson/sted1_0x0-330.cnf,SAT,145.047
../SAT2018/Ehlers/ex039_33.cnf,SAT,264.723
../SAT2018/Porkhunov/mchess_17.cnf,-,5000.006
../SAT2018/Xiao/Nb13T165.cnf,-,5000.097
../SAT2019/sr2019/new/Zhou/GracefulGraph-K05-P02_c18.cnf,SAT,64.655
../SAT2018/final/Soos/apn-sbox6-cut4-helpbox28.cnf,SAT,4967.110
../SAT2019/sr2019/new/Skladanivskyy/sha1r17m147ABCD.cnf,SAT,937.876
../SAT2019/sr2019/old/002-sc2013.cnf,SAT,2044.118
../SAT2019/sr2019/new/Bebel/toughsat_26bits_3.cnf,SAT,478.641
../SAT2019/sr2019/new/vonHolten/b1904P1-8x8c6h5SAT.cnf,SAT,3342.033
../SAT2018/Heule/CNP-5-200.cnf,SAT,25.033
../SAT2019/sr2019/new/Manthey/sv-comp19_prop-reachsafety.queue_longer_false-unreach-call.i-witness.cnf,-,78.546
../SAT2018/Zha/factoring29986577x29986577.cnf,SAT,418.364
../SAT2019/sr2019/old/26_stack_cas_longest_true-unreach-call.i-cbmc-u2-sc2016.cnf,SAT,145.107
../SAT2018/final/Soos/apn-sbox6-cut4-helpbox30.cnf,SAT,144.275
../SAT2018/Scheel/cms-scheel-md4-families-r24-c8-p2-3-4-5-7-12-16-19.cnf,SAT,9.460
../SAT2018/Chowdhury/gto_p50c291.cnf,-,5000.012
../SAT2018/final/Soos/apn-sbox6-cut3-helpbox28.cnf,-,5000.014
../SAT2019/sr2019/old/IBM_FV_20002_31_1_rule_1_SAT_dat.k95-sc2007.cnf,-,5000.041
../SAT2018/final/Soos/apn-sbox6-cut4-helpbox29.cnf,SAT,186.900
../SAT2018/Mayer-Eichberger/6-4-7.cnf,-,5000.059
../SAT2019/sr2019/new/Biere/eqbpdtlf18sparcl18.cnf,-,5000.005
../SAT2019/sr2019/old/rbsat-v945c61409gyes9-sc2009.cnf,SAT,340.633
../SAT2018/Scheel/cms-scheel-md5-families-r24-c4-p1-3-4-16.cnf,SAT,162.630
../SAT2018/Heusser/satcoin-genesis-SAT-2048.cnf,SAT,122.410
../SAT2018/Xiao/Nb27T6.cnf,UNSAT,314.877
../SAT2018/Ofer/courses_flat_0.16_2017_9.cnf,SAT,1896.667
../SAT2018/Chowdhury/gto_p60c231.cnf,UNSAT,121.251
../SAT2019/sr2019/new/Skladanivskyy/sha1r17m67a.cnf,SAT,361.921
../SAT2018/Jingchao/e_rphp065_04.cnf,UNSAT,550.023
../SAT2018/Devriendt/school1_nsh.col.14.cnf,-,5000.031
../SAT2018/Xiao/Nb8T61.cnf,SAT,115.794
../SAT2019/sr2019/old/MD5-29-5-sc2014.cnf,-,5000.016
../SAT2019/sr2019/new/Chen/hcp_d14_14.cnf,SAT,1710.583
../SAT2018/final/Collatz/C3-2-31.cnf,SAT,42.069
../SAT2019/sr2019/new/Manthey/sv-comp19_prop-reachsafety.newton_2_3_true-unreach-call_true-termination.i-witness.cnf,UNSAT,393.227
../SAT2019/sr2019/old/9pipe_k-sc2012.cnf,UNSAT,199.506
../SAT2019/sr2019/new/Biere/eqspctbk14spwtcl14.cnf,-,5000.021
../SAT2019/sr2019/old/countbitsrotate032-sc2009.cnf,-,5000.004
../SAT2018/Mayer-Eichberger/8-4-9.cnf,-,5000.048
../SAT2018/Heule/CNP-5-1500.cnf,SAT,110.550
../SAT2018/Chowdhury/gto_p60c243.cnf,UNSAT,636.523
../SAT2019/sr2019/old/rpoc_xits_12_UNKNOWN-sc2009.cnf,-,5000.015
../SAT2018/Heule/CNP-5-1300.cnf,SAT,122.660
../SAT2018/Ofer/course_flat_0.2_2018_3.cnf,SAT,153.980
../SAT2018/Xiao/Nb45T6.cnf,UNSAT,1309.234
../SAT2018/Xiao/Nb8T63.cnf,SAT,160.488
../SAT2018/final/Zhou/ramsey-30-4.cnf,SAT,1.854
../SAT2018/final/Soos/apn-sbox6-cut5-helpbox28.cnf,SAT,2605.939
../SAT2019/sr2019/old/vmpc_34.shuffled-as.sat05-1958-sc2005.cnf,-,5000.008
../SAT2019/sr2019/old/LABS_n089_goal008-sc2013.cnf,SAT,3104.922
../SAT2018/final/CRIL/T92.2.0.cnf,UNSAT,502.783
../SAT2018/final/Collatz/cannonball-opt-y.rules.4-10.cnf,-,5000.007
../SAT2019/sr2019/old/countbitswegner128-sc2011.cnf,UNSAT,1409.051
../SAT2018/Konan/TimetableCNFEncoding_17_UNKNOWN.cnf,-,5000.038
../SAT2018/Ehlers/ex051_9.cnf,-,5000.029
../SAT2019/sr2019/new/Manthey/sv-comp19_prop-reachsafety.newton_3_6_false-unreach-call_true-termination.i-witness.cnf,SAT,408.994
../SAT2019/sr2019/new/Skladanivskyy/sha1r17m146ABCD_p.cnf,SAT,1433.046
../SAT2018/Harder/ecarev-110-4099-22-30-7.cnf,SAT,489.893
../SAT2019/sr2019/new/Savicky/size_5_5_5_i272_r12.cnf,SAT,344.875
../SAT2018/Ofer/course_flat_0.16_2018_3.cnf,-,5000.043
../SAT2019/sr2019/new/Manthey/sv-comp19_prop-reachsafety.newton_3_7_false-unreach-call_true-termination.i-witness.cnf,SAT,485.133
../SAT2019/sr2019/old/course0.2_2018_3-sc2018.cnf,SAT,1246.106
../SAT2019/sr2019/new/Heule/MM-23-3-3-N.cnf,-,5000.017
../SAT2018/final/Collatz/cz-alt-3-7.cnf,-,5000.011
../SAT2018/Chowdhury/gto_p60c239.cnf,UNSAT,366.291
../SAT2018/Xiao/Nb29T6.cnf,UNSAT,421.999
../SAT2018/Ehlers/ex025_19.cnf,-,5000.009
../SAT2019/sr2019/old/dp12u11.used-as.sat04-358-sc2004.cnf,UNSAT,135.937
../SAT2018/Jingchao/ae_rphp035_05.cnf,UNSAT,1871.312
../SAT2018/Heule/CNP-5-1700.cnf,SAT,34.913
../SAT2018/final/Johnson/sted1_0x24204-330.cnf,SAT,459.371
../SAT2018/Devriendt/queen8_12.col.12.cnf,UNSAT,947.756
../SAT2019/sr2019/new/Heule/MM-23-2-4-B.cnf,-,5000.011
../SAT2018/Chowdhury/gto_p60c231_1.cnf,UNSAT,139.219
../SAT2018/final/Collatz/less-cy-caa.rules.6-4.cnf,SAT,8.614
../SAT2019/sr2019/old/mod2c-3cage-unsat-10-2.sat05-2567.reshuffled-07-sc2007.cnf,UNSAT,3942.841
../SAT2018/Harder/ecarev-110-1031-23-40-6.cnf,SAT,973.729
../SAT2018/Zha/factoring94418953x321534781.cnf,-,5000.009
../SAT2019/sr2019/new/Savicky/size_5_5_5_i116_r12.cnf,SAT,11.144
../SAT2019/sr2019/new/Skladanivskyy/sha1r17m72a_p.cnf,SAT,728.496
../SAT2018/Biere/sdiv16prop.cnf,UNSAT,718.807
../SAT2019/sr2019/old/MUS-v310-4-sc2013.cnf,UNSAT,4574.838
../SAT2019/sr2019/old/rphp5_100_shuffled-sc2016.cnf,-,5000.039
../SAT2019/sr2019/old/sokoban-p20.sas.cr.35-sc2016.cnf,-,5000.029
../SAT2019/sr2019/old/frb59-26-1.used-as.sat04-891-sc2011.cnf,-,5000.013
../SAT2019/sr2019/old/006-23-96-sc2014.cnf,-,5000.013
../SAT2019/sr2019/new/Manthey/sv-comp19_prop-reachsafety.race-4_2-thread_local_vars_false-unreach-call.i-witness.cnf,SAT,66.402
../SAT2018/Xiao/Nb14T194.cnf,-,5000.147
../SAT2018/Biere/udiv40prop.cnf,UNSAT,381.363
../SAT2019/sr2019/old/gensys-icl005.shuffled-as.sat05-3826-sc2011.cnf,UNSAT,406.987
../SAT2018/Ofer/exam_flat_0.04_2018_3.cnf,SAT,3671.109
../SAT2018/Heusser/satcoin-genesis-SAT-5.cnf,SAT,1.049
../SAT2019/sr2019/old/k_unsat-sc2013.cnf,-,5000.011
../SAT2019/sr2019/old/vmpc_30-sc2007.cnf,SAT,132.858
../SAT2018/Konan/TimetableCNFEncoding_6_UNKNOWN.cnf,-,5000.028
../SAT2018/final/Zhou/bibd-16-80-15-3-2_glb.cnf,SAT,35.310
../SAT2019/sr2019/new/Heule/MM-23-2-2-3-B.cnf,-,5000.048
../SAT2019/sr2019/old/SGI_30_60_24_40_2-dir.shuffled-as.sat03-118-sc2002.cnf,UNSAT,1930.372
../SAT2019/sr2019/old/LABS_n087_goal008-sc2013.cnf,SAT,543.331
../SAT2018/final/CRIL/T107.2.0.cnf,UNSAT,524.528
../SAT2018/final/Collatz/1mod8.rules.7-7.cnf,-,5000.022
../SAT2018/Manthey/Problem11_label29_false-unreach-call.c.cnf,SAT,469.851
../SAT2019/sr2019/new/Zhou/knight_16.cnf,-,5000.034
../SAT2019/sr2019/new/Heule/MM-23-2-2-2-2-C.cnf,-,5000.034
../SAT2019/sr2019/new/Zhou/Pb-chnl15-16_c18.cnf,-,5000.014
../SAT2018/Ofer/course_flat_0.12_2018_3_3.cnf,-,5000.062
../SAT2018/final/Johnson/sted1_0x24204-350.cnf,-,5000.011
../SAT2019/sr2019/new/Heule/MM-23-3-3-B.cnf,-,5000.011
../SAT2019/sr2019/new/Biere/eq2csparrc162cbpwtcl16.cnf,-,5000.027
../SAT2018/final/Soos/apn-sbox5-cut5-symmbreak.cnf,-,5000.006
../SAT2019/sr2019/new/Skladanivskyy/sha1r17m63a_p.cnf,SAT,258.843
../SAT2019/sr2019/new/Zhou/CarSequencing-90-02_c18.cnf,SAT,50.569
../SAT2018/Manthey/pals_lcr-var-start-time.5_true-unreach-call.ufo.UNBOUNDED.pals.c.cnf,UNSAT,34.709
../SAT2018/final/Collatz/ad-A-3-7-17.cnf,-,5000.007
../SAT2018/Jingchao/e_rphp096_04.cnf,UNSAT,3740.116
../SAT2018/Liang/quadratic_tight_error.c.cnf,UNSAT,524.068
../SAT2018/final/Collatz/by-X-2-7-100.cnf,UNSAT,1327.655
../SAT2019/sr2019/new/Savicky/size_5_5_5_i044_r12.cnf,SAT,351.148
../SAT2019/sr2019/old/aes_24_4_keyfind_5-sc2014.cnf,SAT,2891.700
../SAT2018/Zha/prime_119218851371.cnf,UNSAT,85.793
../SAT2018/Chowdhury/gto_p60c235.cnf,UNSAT,599.958
../SAT2019/sr2019/new/Zhou/SocialGolfers-6-6-6-cp_c18.cnf,-,5000.008
../SAT2018/Ehlers/ex175_18.cnf,SAT,1155.475
../SAT2018/Konan/TimetableCNFEncoding_3_UNKNOWN.cnf,-,5000.031
../SAT2019/sr2019/new/Biere/eqbpdtlf14spctbk14.cnf,-,5000.050
../SAT2018/Xiao/Nb52T6.cnf,UNSAT,1976.881
../SAT2019/sr2019/new/Zhou/Pb-chnl20-21_c18.cnf,-,5000.023
../SAT2019/sr2019/old/002-80-8-sc2014.cnf,SAT,4433.662
../SAT2019/sr2019/new/Chen/hcp_CP22_22.cnf,-,5000.024
../SAT2018/Jingchao/a_rphp085_04.cnf,UNSAT,2156.741
../SAT2018/Zha/Karatsuba4477457x5308417.cnf,SAT,106.166
../SAT2019/sr2019/new/vonHolten/b1904P3-8x8c11h7UNSAT.cnf,UNSAT,2637.279
../SAT2018/Chowdhury/gto_p50c314.cnf,-,5000.034
../SAT2018/Chowdhury/gto_p50c345_1.cnf,-,5000.006
../SAT2018/Konan/TimetableCNFEncoding_1_UNKNOWN.cnf,-,5000.050
../SAT2018/Scheel/cms-scheel-md4-families-r24-c4-p4-9-13-18.cnf,SAT,3273.853
../SAT2018/final/CRIL/T122.2.0.cnf,UNSAT,486.392
../SAT2018/Heusser/satcoin-genesis-SAT-10.cnf,SAT,1.336
../SAT2019/sr2019/old/total-10-15-u-sc2007.cnf,-,5000.017
../SAT2018/Heule/CNP-5-400.cnf,SAT,633.609
../SAT2018/Heusser/satcoin-genesis-SAT-16.cnf,SAT,1.831
../SAT2019/sr2019/new/Zhou/QuasiGroup-4-12_c18.cnf,SAT,525.910
../SAT2018/final/CRIL/T125.2.0.cnf,UNSAT,445.221
../SAT2019/sr2019/new/Biere/cruxmiter29seed4.cnf,UNSAT,1619.428
../SAT2018/final/Zhou/ortholatin-7.cnf,SAT,17.697
../SAT2019/sr2019/new/Chen/hcp_d16_16.cnf,-,5000.012
../SAT2018/Chen/20180326_095804286_p_cnf_320_1120.cnf,-,5000.005
../SAT2019/sr2019/old/ACG-20-10p1-sc2009.cnf,SAT,1534.231
../SAT2018/Chen/20180322_164241329_p_cnf_320_1120.cnf,-,5000.006
../SAT2019/sr2019/new/Biere/eqspdtlf14bpwtrc14.cnf,-,5000.012
../SAT2019/sr2019/old/test_v7_r12_vr10_c1_s18160.smt2-stp212-sc2016.cnf,-,5000.037
../SAT2018/Konan/TimetableCNFEncoding_2_UNKNOWN.cnf,-,5000.024
../SAT2018/final/Zhou/si2-b03m-m800-03.cnf,SAT,26.269
../SAT2019/sr2019/new/Zaikin/Grain_no_init_ver1_out200_known_last104_0.cnf,SAT,472.739
../SAT2019/sr2019/new/Biere/eqbpdtlf14bpwtcl14.cnf,UNSAT,1457.805
../SAT2019/sr2019/new/Bebel/toughsat_24bits_0.cnf,SAT,51.967
../SAT2018/Scheel/cms-scheel-md4-families-r24-c5-p1-8-13-18-19.cnf,SAT,2195.226
../SAT2019/sr2019/old/6s139-sc2013.cnf,UNSAT,2901.408
../SAT2019/sr2019/old/ecarev-110-1031-23-40-8-sc2018.cnf,SAT,883.141
../SAT2018/Heusser/satcoin-genesis-SAT-9.cnf,SAT,2.281
../SAT2019/sr2019/old/f6nidw-sc2012.cnf,UNSAT,13.096
../SAT2019/sr2019/old/UTI-20-10p1-sc2009.cnf,SAT,1033.050
../SAT2019/sr2019/new/Bebel/toughsat_25bits_1.cnf,SAT,134.465
../SAT2019/sr2019/old/sha2.shuffled-as.sat03-442-sc2002.cnf,-,5000.013
../SAT2019/sr2019/new/Savicky/size_4_4_4_i0566_r8.cnf,UNSAT,849.218
../SAT2019/sr2019/new/Zaikin/Grain_no_init_ver1_out200_known_last105_0_u.cnf,UNSAT,629.765
../SAT2018/Harder/ecarev-110-4099-22-30-4.cnf,SAT,461.622
../SAT2018/final/CRIL/T86.2.0.cnf,UNSAT,523.341
../SAT2019/sr2019/new/Chen/hcp_bij16_16.cnf,-,5000.081
../SAT2018/final/Johnson/sted1_0x0-420.cnf,-,5000.011
../SAT2019/sr2019/new/Savicky/size_4_4_4_i4096_r8.cnf,UNSAT,356.777
../SAT2019/sr2019/old/rbcl_xits_13_UNKNOWN-sc2009.cnf,-,5000.007
../SAT2019/sr2019/new/Skladanivskyy/sha1r17m148ABCD_p.cnf,SAT,100.397
../SAT2019/sr2019/new/Heule/MM-23-4-4-4-4-1.cnf,-,5000.111
../SAT2019/sr2019/new/Bebel/toughsat_26bits_1.cnf,SAT,61.658
../SAT2018/Porkhunov/Cake_9_19.cnf,-,5000.017
../SAT2019/sr2019/old/satcoin-genesis-SAT-10-sc2018.cnf,SAT,1.459
../SAT2019/sr2019/new/Zhou/QuasiGroup-4-10_c18.cnf,-,5000.010
../SAT2019/sr2019/new/Heule/MM-23-no-type3.cnf,-,5000.052
../SAT2019/sr2019/old/partial-10-11-s-sc2007.cnf,-,5000.070
../SAT2019/sr2019/old/ndhf_xits_16_UNKNOWN-sc2009.cnf,-,5000.029
../SAT2019/sr2019/new/Chen/hcp_CP14_14.cnf,SAT,786.564
../SAT2019/sr2019/new/Savicky/size_4_4_4_i3499_r8.cnf,UNSAT,613.919
../SAT2018/Heusser/satcoin-genesis-SAT-3.cnf,SAT,0.968
../SAT2018/Porkhunov/mchess_20.cnf,-,5000.030
../SAT2018/Manthey/Problem14_label14_false-unreach-call.c.cnf,SAT,266.209
../SAT2018/Ehlers/ex187_10.cnf,SAT,409.712
../SAT2019/sr2019/old/ctl_4291_567_2_unsat-sc2013.cnf,UNSAT,3166.112
../SAT2019/sr2019/new/Zhou/GracefulGraph-K04-P04_c18.cnf,SAT,77.084
../SAT2018/Chowdhury/gto_p50c312.cnf,-,5000.011
../SAT2019/sr2019/new/Chen/hcp_r26_26.cnf,-,41.664
../SAT2019/sr2019/old/008-80-8-sc2014.cnf,-,5000.088
../SAT2018/Chowdhury/gto_p50c345.cnf,-,5000.012
../SAT2018/Zha/Karatsuba7654321x1234567.cnf,SAT,64.395
../SAT2018/Porkhunov/Cake_9_20.cnf,-,5000.029
../SAT2018/Chowdhury/gto_p60c343.cnf,-,5000.012
../SAT2019/sr2019/old/stone-width3chain-nmarkers-20_shuffled-sc2016.cnf,-,5000.069
../SAT2018/final/Soos/apn-sbox6-cut5-helpbox26.cnf,-,5000.018
../SAT2019/sr2019/old/6-4-6-sc2018.cnf,-,5000.020
../SAT2018/Biere/uniqinv45prop.cnf,UNSAT,2572.351
../SAT2018/Ofer/courses0.2_2017_9.cnf,SAT,799.255
../SAT2019/sr2019/new/Zhou/frb-40-19-1-mgd_c18.cnf,SAT,3.125
../SAT2019/sr2019/old/atco_enc2_opt2_05_9-sc2014.cnf,SAT,515.531
../SAT2019/sr2019/new/Biere/eqsparrc16spwtcl16.cnf,-,5000.009
../SAT2018/Chowdhury/gto_p50c307.cnf,-,5000.011
../SAT2018/Scheel/cms-scheel-md5-families-r24-c11-p1-4-6-9-10-11-13-15-17-18-19.cnf,SAT,58.349
../SAT2019/sr2019/old/apn-sbox6-cut4-helpbox31-sc2018.cnf,SAT,622.202
../SAT2019/sr2019/old/snw_13_8_pre-sc2016.cnf,UNSAT,1726.601
../SAT2018/Ofer/courses_flat_0.12_2017_9.cnf,-,5000.073
../SAT2019/sr2019/old/partial-5-19-u-sc2007.cnf,-,5000.029
../SAT2019/sr2019/old/ex051_9-sc2018.cnf,-,5000.008
../SAT2019/sr2019/old/sokoban-p16.sas.ex.15-sc2016.cnf,UNSAT,1203.831
../SAT2018/Biere/uniqinv30prop.cnf,UNSAT,473.575
../SAT2019/sr2019/old/atco_enc1_opt1_04_32-sc2014.cnf,SAT,61.442
../SAT2019/sr2019/new/Manthey/sv-comp19_prop-reachsafety.sine_8_true-unreach-call_true-termination.i-witness.cnf,UNSAT,50.778
../SAT2018/Heule/CNP-5-1200.cnf,SAT,126.694
../SAT2018/Ofer/exam0.04_2018_3.cnf,SAT,690.802
../SAT2018/final/Soos/apn-sbox6-cut3-helpbox30.cnf,SAT,425.171
../SAT2019/sr2019/new/Biere/eqspctbk12bpwtrc12.cnf,-,5000.028
../SAT2018/final/CRIL/T82.2.0.cnf,UNSAT,453.547
../SAT2018/Jingchao/ae_rphp062_05.cnf,-,5000.055
../SAT2019/sr2019/old/MD5-29-4-sc2014.cnf,-,5000.021
../SAT2019/sr2019/new/Heule/MM-23-2-2-2-2-A.cnf,-,5000.044
../SAT2019/sr2019/new/Biere/eqbparrc12spctbk12.cnf,-,5000.052
../SAT2018/Mayer-Eichberger/8-4-8.cnf,-,5000.018
../SAT2019/sr2019/new/Skladanivskyy/sha1r17m148ABCD.cnf,SAT,1627.684
../SAT2018/Chen/20180321_140827428_p_cnf_320_1120.cnf,-,5000.005
../SAT2019/sr2019/new/Heule/MM-23-5-A.cnf,-,5000.030
../SAT2018/Xiao/Nb51T6.cnf,UNSAT,1643.294
../SAT2018/Chen/20180321_110704973_p_cnf_320_1120.cnf,-,5000.004
../SAT2018/Xiao/Nb49T6.cnf,UNSAT,1799.749
../SAT2019/sr2019/new/vonHolten/b1904P3-8x8c11h0SAT.cnf,-,5000.011
../SAT2018/Heule/CNP-5-0.cnf,SAT,26.090
../SAT2019/sr2019/old/srhd-sgi-m62-q1504.5-n60-p30-s88600538-sc2011.cnf,-,5000.027
../SAT2018/Xiao/Nb39T6.cnf,UNSAT,818.049
../SAT2018/final/Johnson/sted1_0x0-350.cnf,-,5000.013
../SAT2018/final/Soos/apn-sbox5-cut3-symmbreak.cnf,-,5000.018
../SAT2019/sr2019/new/Savicky/size_5_5_5_i003_r12.cnf,SAT,3067.569
../SAT2019/sr2019/new/Manthey/sv-comp19_prop-reachsafety.square_5_true-unreach-call_true-termination.i-witness.cnf,UNSAT,759.114
../SAT2019/sr2019/old/ak128astepbg2msaig-sc2016.cnf,-,5000.074
../SAT2018/Porkhunov/Cake_8_16.cnf,-,5000.008
../SAT2018/Manthey/filter1_true-unreach-call.c.cnf,UNSAT,1211.506
../SAT2018/Jingchao/a_rphp098_04.cnf,UNSAT,4722.982
../SAT2019/sr2019/new/Zaikin/Trivium_no_init_out350_known_last142_1_u.cnf,UNSAT,4599.348
../SAT2019/sr2019/new/Savicky/size_5_5_5_i223_r12.cnf,SAT,1493.619
../SAT2019/sr2019/new/Chen/hcp_d20_20.cnf,-,5000.015
../SAT2019/sr2019/new/Zaikin/Mickey_out250_known_last147_0.cnf,SAT,32.438
../SAT2018/Zha/Karatsuba6972593x13466917.cnf,SAT,429.698
../SAT2018/Devriendt/school1.col.14.cnf,UNSAT,1322.056
../SAT2019/sr2019/old/ex175_18-sc2018.cnf,SAT,1900.272
../SAT2019/sr2019/old/sokoban-p16.sas.ex.23-sc2016.cnf,-,5000.059
../SAT2018/Jingchao/a_rphp045_05.cnf,-,5000.009
../SAT2019/sr2019/new/Bebel/toughsat_23bits_1.cnf,SAT,116.082
../SAT2019/sr2019/new/Skladanivskyy/sha1r17m63a.cnf,SAT,598.111
../SAT2019/sr2019/old/QG7a-gensys-ukn002.sat05-3842.reshuffled-07-sc2007.cnf,UNSAT,1122.820
../SAT2019/sr2019/new/Zhou/knight_18.cnf,-,5000.049
../SAT2018/Ehlers/ex009_10.cnf,SAT,909.265
../SAT2019/sr2019/new/Savicky/size_4_4_4_i4828_r8.cnf,UNSAT,589.348
../SAT2019/sr2019/old/ak128modasbg2asisc-sc2016.cnf,-,5000.079
../SAT2018/Heule/CNP-5-300.cnf,SAT,213.936
