../SAT2019/sr2019/new/Bebel/toughsat_24bits_3.cnf,SAT,98.982
../SAT2018/Manthey/Problem14_label57_false-unreach-call.c.cnf,SAT,111.584
../SAT2018/Harder/ecarev-110-1031-23-40-8.cnf,SAT,1142.653
../SAT2018/final/CRIL/T105.2.0.cnf,UNSAT,398.587
../SAT2019/sr2019/old/sokoban-p16.sas.ex.19-sc2016.cnf,-,5000.069
../SAT2018/Chen/20180321_140833987_p_cnf_320_1120.cnf,-,5000.004
../SAT2019/sr2019/new/Zhou/CarSequencing-90-01_c18.cnf,SAT,83.973
../SAT2019/sr2019/old/par32-1-c.shuffled-as.sat03-1531-sc2002.cnf,-,5000.006
../SAT2019/sr2019/new/Chen/hcp_d22_22.cnf,-,5000.037
../SAT2018/Biere/sdiv20prop.cnf,-,5000.013
../SAT2019/sr2019/old/mod2c-3cage-unsat-10-3.sat05-2568.reshuffled-07-sc2007.cnf,UNSAT,2715.362
../SAT2019/sr2019/new/Zaikin/Grain_no_init_ver1_out200_known_last105_0.cnf,SAT,326.561
../SAT2019/sr2019/old/mrpp_6x6#12_24-sc2013.cnf,SAT,12.852
../SAT2019/sr2019/old/20180326_095804936_p_cnf_320_1120-sc2018.cnf,SAT,321.441
../SAT2018/final/Johnson/sted5_0x0-70.cnf,-,5000.007
../SAT2019/sr2019/old/hwb-n26-01-S1957858365.shuffled-as.sat03-1622-sc2002.cnf,UNSAT,1542.701
../SAT2019/sr2019/old/rubikcube701-sc2017.cnf,UNSAT,2800.024
../SAT2019/sr2019/old/slp-synthesis-aes-bottom18-sc2011.cnf,-,5000.037
../SAT2018/Heule/CNP-5-1000.cnf,SAT,172.282
../SAT2018/Ehlers/ex067_10.cnf,SAT,340.926
../SAT2018/Heusser/satcoin-genesis-SAT-32.cnf,SAT,4.126
../SAT2018/Heule/CNP-5-1800.cnf,SAT,25.770
../SAT2018/Jingchao/e_rphp056_05.cnf,-,5000.007
../SAT2018/final/Collatz/ax-d-4-7-5.cnf,SAT,2886.281
../SAT2019/sr2019/new/Biere/eqsparcl12bpwtrc12.cnf,-,5000.012
../SAT2019/sr2019/old/gus-md5-14-sc2009.cnf,-,5000.018
../SAT2018/Ehlers/ex015_14.cnf,-,5000.088
../SAT2019/sr2019/new/Skladanivskyy/sha1r17m145ABCD_p.cnf,SAT,369.693
../SAT2019/sr2019/old/partial-5-11-u-sc2007.cnf,-,5000.012
../SAT2018/Heusser/satcoin-genesis-SAT-512.cnf,SAT,28.165
../SAT2018/Biere/sdiv40prop.cnf,-,5000.026
../SAT2019/sr2019/old/003-sc2013.cnf,-,5000.020
../SAT2018/final/Johnson/sted5_0x0-60.cnf,-,5000.006
../SAT2018/final/Zhou/si2-b06m-m1000-03.cnf,SAT,6.316
../SAT2019/sr2019/old/x2_128.shuffled-as.sat03-1598-sc2002.cnf,-,5000.012
../SAT2018/final/CRIL/T87.2.0.cnf,UNSAT,553.763
../SAT2018/Scheel/cms-scheel-md5-families-r24-c7-p1-5-6-12-16-18-19.cnf,SAT,229.409
../SAT2019/sr2019/old/Nb7T44-sc2017.cnf,SAT,4.345
../SAT2018/final/Collatz/mod8-abd-yad.rules.7-7.cnf,SAT,20.616
../SAT2018/Heule/CNP-5-700.cnf,SAT,185.505
../SAT2019/sr2019/old/EDP3-70000-sc2014.cnf,-,5000.059
../SAT2019/sr2019/old/Schur_161_5_d22-sc2016.cnf,-,5000.010
../SAT2018/Heusser/satcoin-genesis-SAT-1024.cnf,SAT,66.043
../SAT2019/sr2019/new/Heule/MM-23-2-2-3-A.cnf,-,5000.011
../SAT2019/sr2019/new/Bebel/toughsat_28bits_0.cnf,-,5000.014
../SAT2018/Xiao/Nb37T6.cnf,UNSAT,874.643
../SAT2019/sr2019/new/Zhou/knight_20.cnf,-,5000.047
../SAT2019/sr2019/new/Biere/eqbpdtlf14spdtlf14.cnf,-,5000.021
../SAT2019/sr2019/old/ezfact64_8.shuffled-as.sat03-1524-sc2002.cnf,SAT,122.429
../SAT2019/sr2019/new/Skladanivskyy/sha1r17m145ABCD.cnf,SAT,728.254
../SAT2018/Ehlers/ex177_12.cnf,-,5000.088
../SAT2019/sr2019/new/Savicky/size_4_4_4_i4295_r8.cnf,UNSAT,200.914
../SAT2018/Scheel/cms-scheel-md5-families-r24-c6-p1-4-6-13-14-18.cnf,SAT,4726.643
../SAT2019/sr2019/old/uniqinv47prop-sc2018.cnf,-,5000.018
../SAT2019/sr2019/new/vonHolten/b1904P1-8x8c6h7SAT.cnf,-,5000.010
../SAT2018/Heule/CNP-5-500.cnf,SAT,205.136
../SAT2019/sr2019/new/Zaikin/ASG_72_keystream76_1.cnf,SAT,1778.590
../SAT2018/Mayer-Eichberger/9-4-10.cnf,-,5000.022
../SAT2019/sr2019/old/QG7a-gensys-icl001.sat05-3822.reshuffled-07-sc2007.cnf,UNSAT,98.390
../SAT2019/sr2019/old/aes_32_3_keyfind_1-sc2011.cnf,SAT,3655.110
../SAT2018/Manthey/Problem14_label19_true-unreach-call.c.cnf,UNSAT,91.371
../SAT2019/sr2019/new/Zaikin/Trivium_no_init_out350_known_last143_1_u.cnf,UNSAT,1748.936
../SAT2019/sr2019/old/ezfact64_6.shuffled-as.sat03-1522-sc2002.cnf,SAT,231.049
../SAT2019/sr2019/new/Skladanivskyy/sha1r17m75a.cnf,SAT,241.635
../SAT2018/Chowdhury/gto_p50c314_1.cnf,-,5000.011
../SAT2018/final/Johnson/sted5_0x1e3-20.cnf,-,5000.006
../SAT2018/final/Soos/apn-sbox6-cut3-helpbox31.cnf,SAT,408.113
../SAT2018/final/Zhou/bibd-8-70-35-4-15_glb.cnf,SAT,10.737
../SAT2018/final/CRIL/T84.2.0.cnf,UNSAT,540.937
../SAT2019/sr2019/new/Zhou/Mario-t-hard-2_c18.cnf,SAT,1.128
../SAT2018/Chen/20180322_164226661_p_cnf_320_1120.cnf,SAT,190.146
../SAT2019/sr2019/new/Biere/eqbparrc18spwtrc18.cnf,-,5000.009
../SAT2019/sr2019/old/atco_enc1_opt2_20_12-sc2014.cnf,UNSAT,1896.256
../SAT2019/sr2019/new/Heule/MM-23-2-2-2-2-B.cnf,-,5000.014
../SAT2018/Jingchao/ae_rphp075_04.cnf,UNSAT,1004.464
../SAT2018/Scheel/cms-scheel-md4-families-r24-c5-p5-13-16-17-19.cnf,SAT,765.142
../SAT2019/sr2019/new/Chen/hcp_r20_20.cnf,SAT,11.503
../SAT2019/sr2019/old/aaai10-planning-ipc5-TPP-21-step11-sc2011.cnf,UNSAT,398.672
../SAT2019/sr2019/old/le450_15b.col.15-sc2018.cnf,-,5000.019
../SAT2018/Heusser/satcoin-genesis-SAT-256.cnf,SAT,22.428
../SAT2019/sr2019/new/Chen/hcp_CP26_26.cnf,-,5000.022
../SAT2018/Chen/20180322_164226378_p_cnf_320_1120.cnf,SAT,25.114
../SAT2018/final/Johnson/sted5_0x1e3-60.cnf,-,5000.009
../SAT2018/Manthey/pals_lcr.8_overflow_false-unreach-call.ufo.UNBOUNDED.pals.c.cnf,UNSAT,823.251
../SAT2018/final/Soos/apn-sbox6-cut5-helpbox29.cnf,-,5000.010
../SAT2018/final/Johnson/sted5_0x0-50.cnf,SAT,53.007
../SAT2018/Scheel/cms-scheel-md5-families-r24-c5-p6-11-15-16-19.cnf,UNSAT,3.336
../SAT2019/sr2019/new/Bebel/toughsat_22bits_1.cnf,SAT,28.318
../SAT2019/sr2019/new/Zaikin/Trivium_no_init_out350_known_last142_1.cnf,SAT,1959.019
../SAT2018/Chen/20180322_164245263_p_cnf_320_1120.cnf,SAT,42.960
../SAT2019/sr2019/old/SAT_dat.k100-sc2012.cnf,UNSAT,320.759
../SAT2019/sr2019/old/mrpp_8x8#20_24-sc2014.cnf,SAT,184.394
../SAT2019/sr2019/new/Chen/hcp_CP16_16.cnf,SAT,4723.758
../SAT2018/final/Soos/apn-sbox6-cut5-helpbox30.cnf,SAT,814.787
../SAT2018/final/Collatz/full-by-za.rules.5-7.cnf,SAT,4266.565
../SAT2018/Heule/CNP-5-1400.cnf,SAT,44.595
../SAT2018/Liang/assoc_mult_err_3.c.cnf,UNSAT,25.707
../SAT2018/Chen/20180326_095801070_p_cnf_320_1120.cnf,SAT,817.864
../SAT2019/sr2019/new/Manthey/sv-comp19_prop-reachsafety.sigma_false-unreach-call.i-witness.cnf,SAT,1164.060
../SAT2019/sr2019/new/Zaikin/ASG_96_len112_known_last13_2.cnf,SAT,230.184
../SAT2019/sr2019/old/LABS_n066_goal005-sc2013.cnf,-,5000.013
../SAT2018/Ehlers/ex145_11.cnf,-,5000.011
../SAT2019/sr2019/old/aaai10-planning-ipc5-pathways-17-step21-sc2011.cnf,SAT,541.744
../SAT2018/Chen/20180326_095804936_p_cnf_320_1120.cnf,SAT,20.952
../SAT2019/sr2019/new/Bebel/toughsat_23bits_3.cnf,SAT,96.290
../SAT2018/final/Collatz/cz-3-7-7.cnf,UNSAT,1397.127
../SAT2018/Liang/sqrt_ineq_2.c.cnf,SAT,9.193
../SAT2018/Biere/uniqinv20prop.cnf,UNSAT,63.765
../SAT2019/sr2019/old/UR-20-5p1-sc2009.cnf,SAT,588.609
../SAT2018/Mayer-Eichberger/10-3-13.cnf,-,5000.028
../SAT2018/Konan/TimetableCNFEncoding_16_UNKNOWN.cnf,-,5000.038
../SAT2019/sr2019/old/ctl_4291_567_2_unsat_pre-sc2013.cnf,UNSAT,2532.617
../SAT2019/sr2019/old/pb_300_10_lb_08-sc2014.cnf,UNSAT,165.566
../SAT2019/sr2019/old/blocks-blocks-37-1.130-NOTKNOWN-sc2011.cnf,UNSAT,3754.370
../SAT2019/sr2019/old/bob12s06-sc2013.cnf,UNSAT,1599.242
../SAT2019/sr2019/new/Zaikin/ASG_96_len112_known_last12_2_u.cnf,SAT,694.738
../SAT2018/final/Johnson/sted5_0x24204-70.cnf,-,5000.013
../SAT2019/sr2019/old/slp-synthesis-aes-bottom22-sc2011.cnf,-,5000.009
../SAT2018/Mayer-Eichberger/8-4-10.cnf,-,5000.024
../SAT2018/Mayer-Eichberger/7-5-6.cnf,-,5000.020
../SAT2018/Jingchao/ae_rphp056_05.cnf,-,5000.012
../SAT2019/sr2019/new/Zaikin/Mickey_out250_known_last146_0.cnf,SAT,106.646
../SAT2018/Mayer-Eichberger/8-5-6.cnf,-,5000.059
../SAT2019/sr2019/old/007-sc2013.cnf,SAT,1688.873
../SAT2019/sr2019/old/SAT_dat.k85-sc2013.cnf,UNSAT,1761.312
../SAT2018/Chowdhury/gto_p60c238.cnf,UNSAT,718.170
../SAT2019/sr2019/old/minxorminand128-sc2009.cnf,UNSAT,1198.312
../SAT2018/final/Soos/apn-sbox6-cut4-helpbox23.cnf,-,5000.011
../SAT2018/Chen/20180321_110706599_p_cnf_320_1120.cnf,SAT,246.492
../SAT2018/final/CRIL/T62.2.0.cnf,UNSAT,599.763
../SAT2019/sr2019/new/Bebel/toughsat_26bits_0.cnf,SAT,121.815
../SAT2018/Liang/assoc2.c.cnf,-,5000.037
../SAT2019/sr2019/old/24.4-sc2017.cnf,-,5000.013
../SAT2019/sr2019/old/maxxor032-sc2011.cnf,UNSAT,32.177
../SAT2018/Manthey/Problem14_label20_true-unreach-call.c.cnf,UNSAT,5.670
../SAT2019/sr2019/old/slp-synthesis-aes-top21-sc2011.cnf,-,5000.026
../SAT2018/Manthey/terminator_03_true-unreach-call_true-termination.i.cnf,UNSAT,153.102
../SAT2019/sr2019/new/Savicky/size_4_4_4_i2704_r8.cnf,UNSAT,661.088
../SAT2018/Zha/factoring87654321x12345678.cnf,SAT,86.228
../SAT2019/sr2019/new/Manthey/sv-comp19_prop-reachsafety.fib_bench_longest_false-unreach-call.i-witness.cnf,SAT,364.184
../SAT2019/sr2019/new/Zaikin/MASG0_72_keystream76_0.cnf,SAT,923.302
../SAT2019/sr2019/new/Skladanivskyy/sha1r17m72a.cnf,SAT,354.647
../SAT2019/sr2019/new/Heule/MM-23-2-2-2-4-B.cnf,-,5000.086
../SAT2018/final/CRIL/T129.2.0.cnf,UNSAT,643.776
../SAT2018/final/Collatz/by-alt-5-7.cnf,SAT,1020.269
../SAT2018/final/Zhou/bibd-19-57-9-3-1_glb.cnf,SAT,2.233
../SAT2018/Manthey/pals_lcr-var-start-time.6_true-unreach-call.ufo.UNBOUNDED.pals.c.cnf,UNSAT,136.274
../SAT2018/Devriendt/huck.col.11.cnf,UNSAT,2.819
../SAT2018/final/Johnson/sted1_0x0-380.cnf,-,5000.021
../SAT2019/sr2019/new/vonHolten/b1904P2-8x8c9h5SAT.cnf,-,5000.010
../SAT2019/sr2019/new/Biere/eqbpdtlf16spdtlf16.cnf,-,5000.079
../SAT2019/sr2019/new/Savicky/size_5_5_5_i218_r12.cnf,SAT,150.617
../SAT2018/Ofer/courses0.12_2017_9.cnf,-,5000.026
../SAT2019/sr2019/old/sin.c.75.smt2-cvc4-sc2016.cnf,-,5000.195
../SAT2018/Heusser/satcoin-genesis-SAT-128.cnf,SAT,10.918
../SAT2019/sr2019/old/aes_equiv_encry_3_rounds.debugged-sc2012.cnf,UNSAT,324.779
../SAT2018/Ehlers/ex175_20.cnf,SAT,2320.949
../SAT2019/sr2019/old/gss-33-s100-sc2009.cnf,-,5000.009
../SAT2019/sr2019/old/connm-ue-csp-sat-n800-d0.02-s111845174.used-as.sat04-958-sc2011.cnf,-,5000.006
../SAT2019/sr2019/new/Savicky/size_5_5_5_i260_r12.cnf,SAT,1869.151
../SAT2018/Manthey/Problem14_label55_true-unreach-call.c.cnf,UNSAT,84.914
../SAT2019/sr2019/old/total-10-15-s-sc2007.cnf,SAT,123.443
../SAT2019/sr2019/new/Manthey/sv-comp19_prop-reachsafety.26_stack_cas_longer_false-unreach-call.i-witness.cnf,SAT,35.784
../SAT2019/sr2019/old/004-80-8-sc2014.cnf,SAT,848.764
../SAT2018/Ofer/exams0.04_2017_9.cnf,SAT,1747.185
../SAT2018/Ofer/course_flat_0.12_2018_3_5.cnf,-,5000.047
../SAT2018/Biere/udiv46prop.cnf,UNSAT,1531.541
../SAT2019/sr2019/old/f10nidw-sc2012.cnf,UNSAT,432.450
../SAT2018/Devriendt/le450_15a.col.15.cnf,-,5000.021
../SAT2019/sr2019/old/hitag2-8-60-0-0x880693399044612-25-SAT-sc2013.cnf,-,5000.023
../SAT2019/sr2019/new/vonHolten/b1904P3-8x8c11h7SAT.cnf,SAT,2346.073
../SAT2018/Biere/uniqinv25prop.cnf,UNSAT,179.091
../SAT2018/final/Zhou/frb35-17-5_ext.cnf,SAT,45.533
../SAT2019/sr2019/old/Nb51T6-sc2018.cnf,UNSAT,3382.843
../SAT2018/Manthey/Problem11_label51_false-unreach-call.c.cnf,SAT,287.558
../SAT2019/sr2019/new/Zhou/Subisomorphism-g10-g23_c18.cnf,-,5000.060
../SAT2019/sr2019/new/Heule/MM-23-2-2-2-2-D.cnf,-,5000.015
../SAT2018/Devriendt/le450_15c.col.15.cnf,-,5000.007
../SAT2019/sr2019/old/ablmulub16x4o-sc2016.cnf,UNSAT,160.318
../SAT2019/sr2019/old/mulhs016-sc2009.cnf,-,5000.018
../SAT2018/Ofer/course_flat_0.12_2018_3_1.cnf,SAT,255.504
../SAT2018/final/Zhou/si2-r001-m200-00.cnf,SAT,13.759
../SAT2018/Biere/uniqinv40prop.cnf,UNSAT,1446.909
../SAT2019/sr2019/old/9dlx_vliw_at_b_iq8-sc2007.cnf,UNSAT,1020.131
../SAT2018/Xiao/Nb13T166.cnf,-,5000.161
../SAT2019/sr2019/old/manthey_single-ordered-initialized-w50-b7-sr2015.cnf,UNSAT,1564.230
../SAT2018/final/CRIL/T93.2.0.cnf,UNSAT,524.757
../SAT2018/Harder/ecarev-110-1031-23-40-3.cnf,UNSAT,19.308
../SAT2018/Konan/TimetableCNFEncoding_5_UNKNOWN.cnf,-,5000.172
../SAT2019/sr2019/old/6s133-sc2014.cnf,UNSAT,424.982
../SAT2018/Chowdhury/gto_p60c234.cnf,UNSAT,204.393
../SAT2019/sr2019/new/Biere/cruxmiter29seed9.cnf,-,5000.004
../SAT2019/sr2019/old/slp-synthesis-aes-bottom13-sc2011.cnf,UNSAT,38.595
../SAT2018/Liang/dist4.c.cnf,UNSAT,75.888
../SAT2018/Scheel/cms-scheel-md4-families-r24-c5-p1-5-10-12-18.cnf,UNSAT,1.198
../SAT2018/Devriendt/queen8_8.col.9.cnf,-,5000.015
../SAT2019/sr2019/old/manthey_DimacsSorter_37_3-sr2015.cnf,SAT,1112.958
../SAT2019/sr2019/new/Savicky/size_5_5_5_i198_r12.cnf,-,5000.009
../SAT2019/sr2019/old/IBM_FV_2004_rule_batch_2_31_2_SAT_dat.k45.debugged-sc2012.cnf,-,5000.009
../SAT2018/Liang/dist6.c.cnf,UNSAT,78.205
../SAT2018/final/Zhou/magicSquare-8_glb.cnf,SAT,97.213
../SAT2019/sr2019/new/Biere/eqbpwtrc10bpdtlf10.cnf,UNSAT,176.887
../SAT2018/final/Zhou/si2-m4Dr2-m256-08.cnf,SAT,13.398
../SAT2019/sr2019/new/Heule/MM-23-3-3-A.cnf,-,5000.010
../SAT2018/final/CRIL/T116.2.0.cnf,UNSAT,313.202
../SAT2019/sr2019/old/atco_enc3_opt2_10_12-sc2014.cnf,UNSAT,1629.620
../SAT2018/Heusser/satcoin-genesis-SAT-4096.cnf,SAT,295.895
../SAT2019/sr2019/new/Savicky/size_5_5_5_i063_r12.cnf,SAT,226.149
../SAT2018/final/Zhou/si2-r001-m200-09.cnf,SAT,48.035
../SAT2018/Biere/udiv48prop.cnf,UNSAT,2919.258
../SAT2018/Ehlers/ex065_24.cnf,-,5000.018
../SAT2019/sr2019/new/Biere/eqspctbk14sparcl14.cnf,-,5000.015
../SAT2019/sr2019/old/6s169-opt-sc2014.cnf,UNSAT,10.775
../SAT2019/sr2019/old/unsat-set-a-fclqcolor-20-13-14.sat05-1278.reshuffled-07-sc2007.cnf,-,5000.015
../SAT2018/final/Collatz/bx-d-4-7-8.cnf,SAT,3850.372
../SAT2018/Harder/ecarev-110-1031-23-40-5.cnf,SAT,1037.896
../SAT2019/sr2019/old/ctl_4291_567_5_unsat_pre-sc2014.cnf,-,5000.017
../SAT2019/sr2019/old/AProVE07-26-sc2007.cnf,-,5000.040
../SAT2018/Zha/prime_200560490131.cnf,UNSAT,93.198
../SAT2018/Konan/TimetableCNFEncoding_8_UNKNOWN.cnf,-,5000.040
../SAT2018/Heule/CNP-5-1900.cnf,SAT,34.352
../SAT2019/sr2019/old/ps_5000_21250_3_0_0.7_0_1.45_4-sc2017.cnf,-,5000.010
../SAT2019/sr2019/new/Bebel/toughsat_25bits_0.cnf,SAT,434.523
../SAT2019/sr2019/old/e_rphp035_05-sc2018.cnf,UNSAT,1202.529
../SAT2018/Scheel/cms-scheel-md5-families-r24-c5-p2-7-8-15-19.cnf,SAT,709.992
../SAT2018/final/Collatz/less-cy-caa.rules.4-9.cnf,SAT,362.886
../SAT2019/sr2019/old/6s126-opt-sc2014.cnf,-,5000.018
../SAT2018/Porkhunov/mchess_16.cnf,UNSAT,312.748
../SAT2018/Jingchao/a_rphp055_04.cnf,UNSAT,193.169
../SAT2018/final/Johnson/sted5_0x24204-50.cnf,SAT,15.518
../SAT2018/final/Soos/apn-sbox6-cut3-helpbox29.cnf,SAT,2554.419
../SAT2018/Ehlers/ex175_17.cnf,-,5000.069
../SAT2019/sr2019/old/b_unsat-sc2013.cnf,UNSAT,1374.616
../SAT2018/Devriendt/queen12_12.col.12.cnf,UNSAT,17.786
../SAT2018/Chen/20180322_164238439_p_cnf_320_1120.cnf,SAT,729.490
../SAT2018/Heule/CNP-5-900.cnf,SAT,192.742
../SAT2018/final/CRIL/T117.2.0.cnf,UNSAT,476.539
../SAT2019/sr2019/new/Skladanivskyy/sha1r17m66a.cnf,SAT,934.682
../SAT2019/sr2019/old/atco_enc1_opt2_10_16-sc2014.cnf,SAT,270.649
../SAT2019/sr2019/new/Bebel/toughsat_25bits_2.cnf,SAT,79.266
../SAT2019/sr2019/old/atco_enc2_opt2_10_21-sc2014.cnf,SAT,231.528
../SAT2018/Ofer/course0.12_2018_3_5.cnf,-,5000.026
../SAT2018/Ehlers/ex157_10.cnf,SAT,171.728
../SAT2018/Ofer/course0.16_2018_3_5.cnf,SAT,541.881
../SAT2019/sr2019/new/Skladanivskyy/sha1r17m149ABCD_p.cnf,SAT,4441.611
../SAT2019/sr2019/new/Savicky/size_4_4_4_i0418_r8.cnf,UNSAT,258.547
../SAT2019/sr2019/new/Heule/MM-22.cnf,-,5000.017
../SAT2019/sr2019/new/Zaikin/Trivium_no_init_out350_known_last143_1.cnf,SAT,1540.238
../SAT2018/Xiao/Nb42T6.cnf,UNSAT,1361.953
../SAT2018/final/Collatz/bx-d-4-7-6.cnf,-,5000.010
../SAT2019/sr2019/new/Biere/eqspwtrc16bparrc16.cnf,-,5000.018
../SAT2019/sr2019/old/c6288mul.miter.shuffled-as.sat03-346-sc2002.cnf,UNSAT,761.066
../SAT2018/Biere/uniqinv46prop.cnf,UNSAT,3413.205
../SAT2018/final/Collatz/bz-X-4-7-6.cnf,-,5000.010
../SAT2018/Xiao/Nb8T60.cnf,SAT,136.820
../SAT2018/Xiao/Nb8T62.cnf,SAT,978.450
../SAT2018/Jingchao/ae_rphp045_05.cnf,-,5000.058
../SAT2018/final/CRIL/T90.2.0.cnf,UNSAT,462.068
../SAT2018/Scheel/cms-scheel-md4-families-r24-c6-p0-5-10-11-17-18.cnf,UNSAT,1.119
../SAT2019/sr2019/new/Heule/MM-23-2-4-A.cnf,-,5000.515
../SAT2018/Manthey/newton_3_6_false-unreach-call.i.cnf,SAT,1171.712
../SAT2018/Harder/ecarev-110-1031-23-40-1.cnf,SAT,351.993
../SAT2018/Heusser/satcoin-genesis-SAT-8192.cnf,SAT,351.318
../SAT2018/Scheel/cms-scheel-md5-families-r24-c8-p0-3-5-6-14-16-18-19.cnf,SAT,194.020
../SAT2018/Devriendt/le450_25a.col.25.cnf,-,5000.024
../SAT2019/sr2019/old/ablmulub2x32o-sc2016.cnf,UNSAT,228.948
../SAT2019/sr2019/new/Manthey/sv-comp19_prop-reachsafety.newton_3_8_false-unreach-call_true-termination.i-witness.cnf,SAT,638.860
../SAT2019/sr2019/new/Manthey/sv-comp19_prop-reachsafety.newton_2_4_true-unreach-call_true-termination.i-witness.cnf,UNSAT,591.097
../SAT2019/sr2019/new/Zhou/Mario-t-hard-5_c18.cnf,SAT,1.047
../SAT2018/Heusser/satcoin-genesis-SAT-64.cnf,SAT,7.227
../SAT2018/final/Johnson/sted1_0x1e3-200.cnf,-,5000.033
../SAT2018/final/Soos/apn-sbox5-cut4-symmbreak.cnf,-,5000.013
../SAT2019/sr2019/old/smtlib-qfbv-aigs-countbits128-tseitin-sc2011.cnf,UNSAT,1311.835
../SAT2018/Xiao/Nb44T6.cnf,UNSAT,1232.907
../SAT2018/final/Collatz/full-ax-xa.rules.7-7.cnf,SAT,865.426
../SAT2019/sr2019/old/dist6.c-sc2018.cnf,UNSAT,81.957
../SAT2019/sr2019/old/rpoc_xits_11_UNKNOWN-sc2009.cnf,-,5000.008
../SAT2018/final/Johnson/sted1_0x1e3-100.cnf,-,5000.008
../SAT2018/final/Collatz/cz-d-4-7-5.cnf,SAT,657.994
../SAT2018/Harder/ecarev-110-1031-23-40-7.cnf,SAT,239.596
../SAT2019/sr2019/new/Savicky/size_4_4_4_i4473_r8.cnf,UNSAT,306.210
../SAT2018/Liang/quadratic_loose_error.c.cnf,UNSAT,145.116
../SAT2019/sr2019/old/blocks-blocks-36-0.120-NOTKNOWN-sc2011.cnf,-,5000.097
../SAT2019/sr2019/old/snw_16_8_pre-sc2016.cnf,UNSAT,3875.715
../SAT2019/sr2019/old/li-exam-63.shuffled-as.sat03-368-sc2002.cnf,-,5000.035
../SAT2018/Liang/dist9.c.cnf,UNSAT,93.427
../SAT2018/Biere/sdiv25prop.cnf,-,5000.027
../SAT2018/Mayer-Eichberger/9-4-9.cnf,-,5000.034
../SAT2019/sr2019/old/partial-10-11-u-sc2007.cnf,-,5000.215
../SAT2018/Mayer-Eichberger/6-5-6.cnf,-,5000.021
../SAT2018/Devriendt/le450_25c.col.25.cnf,-,5000.024
../SAT2018/Mayer-Eichberger/6-3-8.cnf,SAT,321.062
../SAT2019/sr2019/old/58bits_13.dimacs-sr2015.cnf,-,5000.005
../SAT2018/Scheel/cms-scheel-md4-families-r24-c5-p0-7-10-15-19.cnf,SAT,26.888
../SAT2019/sr2019/old/62bits_14.dimacs-sr2015.cnf,-,5000.017
../SAT2019/sr2019/old/rbcl_xits_11_UNKNOWN-sc2009.cnf,-,5000.051
../SAT2018/final/Zhou/lei450-05b-05.cnf,SAT,8.376
../SAT2019/sr2019/old/cms-scheel-md5-families-r24-c8-p0-3-5-6-14-16-18-19-sc2018.cnf,SAT,2177.156
../SAT2018/Heusser/satcoin-genesis-SAT-4.cnf,SAT,0.954
../SAT2018/final/Zhou/queen8-8-9.cnf,SAT,2.730
../SAT2019/sr2019/old/custmulsb2x32o-sc2016.cnf,-,5000.010
../SAT2019/sr2019/new/Zaikin/Mickey_out250_known_last146_0_u.cnf,UNSAT,2552.952
../SAT2019/sr2019/old/newton.2.3.i.smt2-cvc4-sc2016.cnf,-,5000.023
../SAT2018/final/Johnson/sted5_0x24204-60.cnf,-,5000.015
../SAT2018/Ehlers/ex045_7.cnf,SAT,4447.008
../SAT2018/Biere/sdiv30prop.cnf,-,5000.014
../SAT2018/Ehlers/ex145_10.cnf,-,5000.011
../SAT2018/Chowdhury/gto_p60c295.cnf,-,5000.021
../SAT2019/sr2019/new/Zaikin/ASG_96_len112_known_last13_2_u.cnf,UNSAT,704.687
../SAT2018/Jingchao/a_rphp035_05.cnf,UNSAT,1215.721
../SAT2019/sr2019/old/6s20-sc2013.cnf,UNSAT,772.042
../SAT2019/sr2019/old/stable-400-0.1-4-9876543214004-sc2014.cnf,SAT,1037.105
../SAT2018/final/CRIL/T98.2.0.cnf,UNSAT,533.379
../SAT2019/sr2019/new/Zhou/Eternity-10-05_c18.cnf,SAT,8.410
../SAT2019/sr2019/new/Zhou/Eternity-10-06_c18.cnf,SAT,2331.882
../SAT2018/Liang/dist5.c.cnf,UNSAT,77.512
../SAT2018/Scheel/cms-scheel-md4-families-r24-c5-p0-5-11-13-18.cnf,SAT,158.239
../SAT2019/sr2019/old/sokoban-p16.sas.ex.21-sc2016.cnf,-,5000.057
../SAT2018/final/Soos/apn-sbox6-cut4-helpbox31.cnf,SAT,376.126
../SAT2019/sr2019/old/tseitingrid7x160_shuffled-sc2016.cnf,-,5000.013
../SAT2019/sr2019/old/custmulun16x16o-sc2016.cnf,-,5000.059
../SAT2018/final/Zhou/ramsey-32-4.cnf,SAT,3.249
../SAT2018/Scheel/cms-scheel-md4-families-r24-c6-p2-4-9-16-17-19.cnf,UNSAT,1.163
../SAT2019/sr2019/old/hwmcc15deep-oski15a10b10s-k22-sc2017.cnf,UNSAT,2464.602
../SAT2018/Zha/factoring54018521x562448657.cnf,SAT,1136.501
../SAT2019/sr2019/new/Biere/eqsparrc12bpdtlf12.cnf,-,5000.012
../SAT2019/sr2019/old/squ_ali_s10x10_c39_abix_SAT-sc2017.cnf,SAT,48.441
../SAT2018/Liang/dist8.c.cnf,UNSAT,84.963
../SAT2019/sr2019/old/LABS_n071_goal001-sc2013.cnf,UNSAT,3183.212
../SAT2018/Devriendt/le450_25b.col.25.cnf,-,5000.017
../SAT2018/Biere/udiv45prop.cnf,UNSAT,1139.397
../SAT2018/final/CRIL/T103.2.0.cnf,UNSAT,690.422
../SAT2019/sr2019/new/Zaikin/Grain_no_init_ver1_out200_known_last104_0_u.cnf,UNSAT,3695.830
../SAT2019/sr2019/new/Manthey/sv-comp19_prop-reachsafety.triangular-longer_false-unreach-call.i-witness.cnf,SAT,197.668
../SAT2019/sr2019/new/Bebel/toughsat_24bits_1.cnf,SAT,468.118
../SAT2019/sr2019/new/Chen/hcp_CP24_24.cnf,-,5000.020
../SAT2019/sr2019/old/safe-30-h29-unsat-sc2007.cnf,-,5000.065
../SAT2018/final/Collatz/5or7mod8.rules.7-7.cnf,-,5000.019
../SAT2018/Jingchao/a_rphp065_04.cnf,UNSAT,826.641
../SAT2018/Harder/ecarev-110-4099-22-30-2.cnf,SAT,585.586
../SAT2018/Jingchao/ae_rphp055_04.cnf,UNSAT,198.170
../SAT2018/Mayer-Eichberger/6-4-6.cnf,-,5000.009
../SAT2019/sr2019/new/Zhou/Bibd-sc-10-03-08_c18.cnf,SAT,2.328
../SAT2018/Ofer/exams_flat_0.04_2017_9.cnf,-,5000.088
../SAT2018/Manthey/Problem14_label48_true-unreach-call.c.cnf,UNSAT,164.494
../SAT2019/sr2019/old/gto_p60c238-sc2018.cnf,UNSAT,963.888
../SAT2019/sr2019/new/Heule/MM-23-2-2-2-2-3.cnf,-,5000.013
../SAT2019/sr2019/new/Zhou/SocialGolfers-6-6-7-cp_c18.cnf,-,5000.017
../SAT2019/sr2019/new/Heule/MM-23-5-B.cnf,-,5000.299
../SAT2019/sr2019/new/Biere/eqbparrc14spwtcl14.cnf,-,5000.012
../SAT2019/sr2019/old/countbitssrl032-sc2009.cnf,UNSAT,58.819
../SAT2018/final/CRIL/T56.2.0.cnf,UNSAT,486.592
../SAT2018/Heusser/satcoin-genesis-SAT-8.cnf,SAT,1.287
../SAT2018/Scheel/cms-scheel-md4-families-r24-c6-p1-9-13-16-18-19.cnf,SAT,128.126
../SAT2018/Konan/TimetableCNFEncoding_9_UNKNOWN.cnf,-,5000.025
../SAT2019/sr2019/new/Biere/eqspwtcl14bpwtcl14.cnf,-,5000.012
../SAT2018/Devriendt/queen13_13.col.13.cnf,UNSAT,111.103
../SAT2018/Chen/20180326_095805836_p_cnf_320_1120.cnf,-,5000.007
../SAT2019/sr2019/new/Skladanivskyy/sha1r17m149ABCD.cnf,SAT,2474.871
../SAT2018/Heule/CNP-5-800.cnf,SAT,44.046
../SAT2019/sr2019/old/sokoban-p20.sas.ex.17-sc2016.cnf,-,5000.063
../SAT2019/sr2019/old/sted1_0x0-380-sc2018.cnf,-,5000.044
../SAT2018/Xiao/Nb11T118.cnf,-,5000.082
../SAT2018/Scheel/cms-scheel-md5-families-r24-c7-p1-3-6-10-11-14-15.cnf,UNSAT,3.582
../SAT2019/sr2019/old/li-test4-99.shuffled-as.sat03-377-sc2002.cnf,-,5000.042
../SAT2018/Biere/uniqinv47prop.cnf,UNSAT,3843.401
../SAT2019/sr2019/new/Bebel/toughsat_26bits_2.cnf,SAT,314.473
../SAT2019/sr2019/new/Zaikin/Mickey_out250_known_last147_0_u.cnf,UNSAT,541.723
../SAT2019/sr2019/old/ex145_11-sc2018.cnf,-,5000.020
../SAT2018/final/Soos/apn-sbox6-cut3-helpbox26.cnf,-,5000.012
../SAT2019/sr2019/new/Manthey/sv-comp19_prop-reachsafety.barrier_3t_true-unreach-call.i-witness.cnf,-,52.943
../SAT2019/sr2019/new/Chen/hcp_CP18_18.cnf,SAT,447.069
../SAT2019/sr2019/old/sgen1-unsat-109-100-sc2009.cnf,-,5000.009
../SAT2019/sr2019/old/sokoban-p20.sas.ex.23-sc2016.cnf,-,5000.076
../SAT2019/sr2019/new/Biere/cruxmiter32seed4.cnf,-,5000.007
../SAT2019/sr2019/old/rbsat-v2400c266431g5-sc2009.cnf,-,5000.013
../SAT2018/Chen/20180322_164224543_p_cnf_320_1120.cnf,SAT,721.807
../SAT2019/sr2019/old/slp-synthesis-aes-top26-sc2011.cnf,SAT,135.718
../SAT2019/sr2019/new/Heule/MM-23-2-2-2-3-4.cnf,-,5000.024
../SAT2018/Xiao/Nb54T6.cnf,UNSAT,1814.689
../SAT2019/sr2019/old/edges-024-4-5613555-1-00-sc2014.cnf,-,5000.003
../SAT2019/sr2019/old/UCG-20-10p1-sc2009.cnf,SAT,873.481
../SAT2018/final/CRIL/T96.2.0.cnf,UNSAT,430.213
../SAT2019/sr2019/new/Savicky/size_5_5_5_i171_r12.cnf,SAT,1062.589
../SAT2019/sr2019/old/b04_s_unknown-sc2013.cnf,SAT,220.965
../SAT2018/Biere/udiv47prop.cnf,UNSAT,2033.040
../SAT2019/sr2019/old/vmpc_36.renamed-as.sat05-1922-sc2005.cnf,-,5000.007
../SAT2018/Manthey/sqrt_Householder_pseudoconstant_true-unreach-call.c.cnf,-,5000.074
../SAT2019/sr2019/old/Schur_160_5_d38-sc2016.cnf,-,5000.014
../SAT2019/sr2019/old/ps_5000_21250_3_0_0.8_0_1.55_2-sc2017.cnf,UNSAT,1794.377
../SAT2019/sr2019/old/rubikcube912-sc2017.cnf,-,5000.005
../SAT2019/sr2019/new/Bebel/toughsat_27bits_0.cnf,SAT,2851.524
../SAT2019/sr2019/old/ex175_17-sc2018.cnf,-,5000.124
../SAT2018/Devriendt/queen14_14.col.14.cnf,UNSAT,900.313
../SAT2018/Heule/CNP-5-100.cnf,SAT,544.470
../SAT2019/sr2019/old/jgiraldezlevy.2200.9086.08.40.149-sr2015.cnf,SAT,16.753
../SAT2019/sr2019/new/Manthey/sv-comp19_prop-reachsafety.25_stack_longest_false-unreach-call.i-witness.cnf,SAT,34.256
../SAT2018/Devriendt/le450_15b.col.15.cnf,-,5000.020
../SAT2019/sr2019/old/T103.2.1-sc2017.cnf,UNSAT,2539.111
../SAT2019/sr2019/new/Savicky/size_5_5_5_i235_r12.cnf,SAT,1635.955
../SAT2018/Chen/20180321_110707239_p_cnf_320_1120.cnf,SAT,2325.426
../SAT2018/Ehlers/ex177_13.cnf,-,5000.086
../SAT2019/sr2019/old/SGI_30_60_28_40_2-dir.shuffled-as.sat03-124-sc2002.cnf,-,5000.015
../SAT2019/sr2019/new/Zhou/Haystacks-ext-13_c18.cnf,UNSAT,4366.436
../SAT2019/sr2019/old/T169.1.0-sc2017.cnf,SAT,418.501
../SAT2019/sr2019/new/Biere/eqbpwtcl10spwtcl10.cnf,UNSAT,427.200
../SAT2018/Ofer/course_flat_0.12_2018_3.cnf,-,5000.057
../SAT2019/sr2019/old/partial-5-17-s-sc2007.cnf,SAT,83.636
../SAT2018/Scheel/cms-scheel-md4-families-r24-c5-p1-8-9-16-19.cnf,UNSAT,1.121
../SAT2018/Mayer-Eichberger/7-4-7.cnf,-,5000.040
../SAT2018/Liang/dist7.c.cnf,UNSAT,93.915
../SAT2019/sr2019/old/gss-20-s100-sc2009.cnf,SAT,767.576
../SAT2019/sr2019/new/Chen/hcp_d24_24.cnf,-,5000.013
../SAT2019/sr2019/new/Manthey/sv-comp19_prop-reachsafety.newton_2_2_true-unreach-call_true-termination.i-witness.cnf,UNSAT,451.000
../SAT2019/sr2019/new/Zhou/Haystacks-ext-12_c18.cnf,UNSAT,396.675
../SAT2019/sr2019/new/Bebel/toughsat_24bits_2.cnf,SAT,61.552
../SAT2018/Manthey/avg_true-unreach-call.i.cnf,UNSAT,202.264
../SAT2019/sr2019/old/004-sc2013.cnf,SAT,2838.276
../SAT2019/sr2019/old/crafted_n11_d6_c3_num24-sc2013.cnf,UNSAT,212.919
../SAT2019/sr2019/new/Zhou/knight_14.cnf,SAT,2501.104
../SAT2018/Chen/20180322_164241842_p_cnf_320_1120.cnf,SAT,697.801
../SAT2018/Manthey/newton_3_4_true-unreach-call.i.cnf,UNSAT,1153.860
../SAT2019/sr2019/old/slp-synthesis-aes-bottom26-sc2011.cnf,-,5000.035
../SAT2018/final/Collatz/full-cy-caa.rules.7-7.cnf,SAT,20.761
../SAT2019/sr2019/old/hwb-n26-03-S540351185.sat05-490.reshuffled-07-sc2007.cnf,UNSAT,1435.452
../SAT2018/Chen/20180322_164223076_p_cnf_320_1120.cnf,SAT,1197.060
../SAT2018/Liang/commutativity3.c.cnf,-,5000.009
../SAT2018/final/CRIL/T77.2.0.cnf,UNSAT,444.036
../SAT2018/Biere/sdiv15prop.cnf,UNSAT,230.222
../SAT2019/sr2019/new/Chen/hcp_d12_12.cnf,SAT,6.005
../SAT2019/sr2019/old/smulo032-sc2012.cnf,UNSAT,166.792
../SAT2019/sr2019/old/6s166-sc2013.cnf,UNSAT,116.003
../SAT2019/sr2019/old/hwmcc15deep-6s516r-k18-sc2017.cnf,UNSAT,1410.822
../SAT2018/Harder/ecarev-110-1031-23-40-2.cnf,SAT,197.149
../SAT2018/final/Zhou/magicSquare-9_glb.cnf,SAT,158.205
../SAT2019/sr2019/new/Bebel/toughsat_29bits_0.cnf,SAT,364.073
../SAT2019/sr2019/old/vmpc_31-sc2007.cnf,-,5000.010
../SAT2018/Mayer-Eichberger/10-4-10.cnf,-,5000.056
../SAT2019/sr2019/new/Zhou/Subisomorphism-g10-g27_c18.cnf,SAT,379.661
../SAT2019/sr2019/old/b04_s_2_unknown_pre-sc2013.cnf,SAT,1978.138
../SAT2018/Ofer/course0.12_2018_3_1.cnf,SAT,433.580
../SAT2018/Porkhunov/mchess_15.cnf,UNSAT,359.060
../SAT2019/sr2019/new/Zaikin/ASG_72_keystream76_2.cnf,SAT,421.437
../SAT2018/final/Zhou/frb35-17-5-mgd_ext.cnf,SAT,38.150
../SAT2018/Ofer/course0.2_2018_3_5.cnf,SAT,49.012
../SAT2019/sr2019/new/Zaikin/MASG_72_keystream76_0.cnf,-,5000.004
../SAT2019/sr2019/new/Biere/eqbpdtlf12bparrc12.cnf,UNSAT,1154.218
../SAT2019/sr2019/old/11pipe_11_ooo-sc2011.cnf,UNSAT,2224.443
../SAT2018/Chowdhury/gto_p50c311.cnf,-,5000.046
../SAT2019/sr2019/old/sgen1-sat-180-100-sc2009.cnf,-,5000.007
../SAT2019/sr2019/new/Biere/eqsparcl10bpwtrc10.cnf,UNSAT,253.679
../SAT2019/sr2019/old/UTI-20-10p0-sc2009.cnf,UNSAT,787.277
../SAT2018/Porkhunov/mchess_19.cnf,-,5000.011
../SAT2019/sr2019/new/Heule/MM-23-2-2-2-4-A.cnf,-,5000.017
../SAT2019/sr2019/new/Skladanivskyy/sha1r17m67a_p.cnf,SAT,299.414
../SAT2018/Liang/dist10.c.cnf,UNSAT,76.492
../SAT2019/sr2019/old/TimetableCNFEncoding_5_UNKNOWN-sc2018.cnf,-,5000.103
../SAT2019/sr2019/old/004-22-160-sc2014.cnf,-,5000.015
../SAT2018/Ehlers/ex095_8.cnf,UNSAT,4078.848
../SAT2019/sr2019/old/20180322_164224543_p_cnf_320_1120-sc2018.cnf,SAT,27.268
../SAT2019/sr2019/new/Skladanivskyy/sha1r17m66a_p.cnf,SAT,373.897
../SAT2018/Liang/commutativity.c.cnf,-,5000.026
../SAT2019/sr2019/old/snw_16_8_nopre-sc2016.cnf,UNSAT,4381.963
../SAT2018/Manthey/filter_iir_true-unreach-call.c.cnf,UNSAT,876.092
../SAT2019/sr2019/new/Biere/cruxmiter28seed8.cnf,UNSAT,542.246
../SAT2019/sr2019/new/Biere/eqsparrc14spctbk14.cnf,-,5000.010
../SAT2019/sr2019/old/289-unsat-21x14-sc2011.cnf,-,5000.055
../SAT2018/final/Johnson/sted1_0x1e3-300.cnf,-,5000.032
../SAT2018/Jingchao/ae_rphp095_04.cnf,UNSAT,4971.184
../SAT2019/sr2019/new/Zhou/Tal-08_c18.cnf,SAT,76.546
../SAT2018/Heule/CNP-5-600.cnf,SAT,117.842
../SAT2019/sr2019/new/Manthey/sv-comp19_prop-reachsafety.newton_2_8_false-unreach-call_true-termination.i-witness.cnf,SAT,316.735
../SAT2019/sr2019/old/squ_any_s09x07_c27_abio_UNS-sc2017.cnf,UNSAT,1274.219
../SAT2018/Zha/factoring39916801x54018521.cnf,SAT,800.891
../SAT2018/Liang/sqrt_ineq_3.c.cnf,SAT,9.101
../SAT2019/sr2019/new/Manthey/sv-comp19_prop-reachsafety.newton_2_6_false-unreach-call_true-termination.i-witness.cnf,SAT,306.241
../SAT2019/sr2019/old/mod4block_2vars_10gates_u2_autoenc-sc2009.cnf,SAT,39.569
../SAT2018/final/Soos/apn-sbox6-cut3-helpbox23.cnf,-,5000.060
../SAT2019/sr2019/new/Bebel/toughsat_22bits_0.cnf,SAT,7.391
../SAT2019/sr2019/new/Bebel/toughsat_23bits_2.cnf,SAT,14.602
../SAT2018/Jingchao/e_rphp055_04.cnf,UNSAT,184.897
../SAT2018/Chowdhury/gto_p60c233.cnf,UNSAT,141.576
../SAT2018/Biere/udiv35prop.cnf,UNSAT,115.903
../SAT2019/sr2019/old/UTI-20-5p0-sc2009.cnf,UNSAT,616.535
../SAT2019/sr2019/new/Skladanivskyy/sha1r17m75a_p.cnf,SAT,45.722
../SAT2018/Ehlers/ex065_25.cnf,SAT,940.479
../SAT2019/sr2019/new/Heule/MM-23-2-2-2-2-M.cnf,-,5000.010
../SAT2018/final/Soos/apn-sbox6-cut4-helpbox26.cnf,-,5000.048
../SAT2019/sr2019/old/001-80-12-sc2014.cnf,SAT,4766.198
../SAT2018/Jingchao/e_rphp065_05.cnf,-,5000.010
../SAT2018/final/Zhou/patat-08-comp-3.cnf,SAT,50.979
../SAT2019/sr2019/new/Bebel/toughsat_23bits_0.cnf,SAT,47.708
../SAT2018/Chen/20180321_140823961_p_cnf_320_1120.cnf,SAT,174.016
../SAT2018/Chowdhury/gto_p60c241.cnf,UNSAT,163.195
../SAT2018/Jingchao/e_rphp035_05.cnf,UNSAT,1160.422
../SAT2018/Devriendt/queen15_15.col.15.cnf,-,5000.007
../SAT2019/sr2019/new/Chen/hcp_CP20_20.cnf,-,5000.026
../SAT2019/sr2019/old/rbsat-v2100c215164g4-sc2011.cnf,-,5000.013
../SAT2018/Scheel/cms-scheel-md4-families-r24-c4-p6-13-17-19.cnf,SAT,121.057
../SAT2019/sr2019/new/Heule/MM-23-3-3-M.cnf,-,5000.012
../SAT2019/sr2019/old/ndhf_xits_19_UNKNOWN-sc2011.cnf,SAT,528.796
../SAT2018/Porkhunov/mchess_18.cnf,UNSAT,1716.706
../SAT2019/sr2019/old/blockpuzzle_5x10_s3_free4-sc2017.cnf,UNSAT,3448.569
../SAT2018/Konan/TimetableCNFEncoding_20_UNKNOWN.cnf,SAT,142.366
../SAT2018/Ofer/course0.12_2018_3_3.cnf,-,5000.035
../SAT2018/Heule/CNP-5-1600.cnf,SAT,120.544
../SAT2018/Jingchao/a_rphp056_05.cnf,-,5000.017
../SAT2019/sr2019/new/Zaikin/ASG_96_len112_known_last12_2.cnf,SAT,691.380
../SAT2018/Harder/ecarev-110-4099-22-30-5.cnf,SAT,724.272
../SAT2018/final/Soos/apn-sbox6-cut5-helpbox23.cnf,-,5000.019
../SAT2018/final/Johnson/sted5_0x0-40.cnf,SAT,11.580
../SAT2018/Ehlers/ex179_11.cnf,SAT,595.035
../SAT2019/sr2019/old/9_50-sc2017.cnf,SAT,253.296
../SAT2019/sr2019/new/Chen/hcp_d18_18.cnf,-,5000.012
../SAT2018/final/Collatz/mod8-bbd-zbd.rules.7-7.cnf,-,5000.040
../SAT2018/Heusser/satcoin-genesis-SAT-7.cnf,SAT,1.134
../SAT2019/sr2019/new/vonHolten/b1904P2-8x8c9h7UNSAT.cnf,-,5000.030
../SAT2019/sr2019/new/Bebel/toughsat_30bits_0.cnf,-,5000.008
../SAT2018/final/Johnson/sted5_0x1e3-40.cnf,-,5000.016
../SAT2019/sr2019/old/ae_rphp095_04-sc2018.cnf,-,5000.009
../SAT2019/sr2019/new/Savicky/size_5_5_5_i251_r12.cnf,SAT,136.713
../SAT2019/sr2019/new/Biere/eqbpwtrc10spctbk10.cnf,UNSAT,444.658
../SAT2019/sr2019/new/Skladanivskyy/sha1r17m147ABCD_p.cnf,SAT,561.891
../SAT2019/sr2019/new/Zhou/Tal-07_c18.cnf,SAT,55.644
../SAT2019/sr2019/old/sokoban-p20.sas.ex.15-sc2016.cnf,-,5000.094
../SAT2019/sr2019/old/hwmcc10-timeframe-expansion-k45-pdtpmspalu-tseitin-sc2011.cnf,UNSAT,2146.854
../SAT2018/Ofer/course0.2_2018_3.cnf,SAT,876.337
../SAT2018/final/Zhou/si2-b03m-m400-03.cnf,SAT,4.167
../SAT2018/Biere/sdiv17prop.cnf,UNSAT,1914.870
../SAT2019/sr2019/new/Skladanivskyy/sha1r17m146ABCD.cnf,SAT,920.191
../SAT2018/Manthey/pals_floodmax.5_overflow_false-unreach-call.ufo.UNBOUNDED.pals.c.cnf,UNSAT,3962.656
../SAT2018/Konan/TimetableCNFEncoding_4_UNKNOWN.cnf,-,5000.073
../SAT2018/Konan/TimetableCNFEncoding_10_UNKNOWN.cnf,-,5000.033
../SAT2019/sr2019/new/Bebel/toughsat_25bits_3.cnf,SAT,244.020
../SAT2019/sr2019/old/aes_24_4_keyfind_2-sc2013.cnf,SAT,3464.290
../SAT2018/Heule/CNP-5-1100.cnf,SAT,201.410
../SAT2018/final/Johnson/sted1_0x24204-380.cnf,-,5000.013
../SAT2018/Chen/20180321_140826713_p_cnf_320_1120.cnf,SAT,21.163
../SAT2018/Chen/20180321_140824282_p_cnf_320_1120.cnf,SAT,612.951
../SAT2018/final/Johnson/sted1_0x0-330.cnf,SAT,441.083
../SAT2018/Ehlers/ex039_33.cnf,SAT,28.719
../SAT2018/Porkhunov/mchess_17.cnf,-,5000.003
../SAT2018/Xiao/Nb13T165.cnf,-,5000.074
../SAT2019/sr2019/new/Zhou/GracefulGraph-K05-P02_c18.cnf,SAT,75.599
../SAT2018/final/Soos/apn-sbox6-cut4-helpbox28.cnf,-,5000.012
../SAT2019/sr2019/new/Skladanivskyy/sha1r17m147ABCD.cnf,SAT,2980.700
../SAT2019/sr2019/old/002-sc2013.cnf,-,5000.009
../SAT2019/sr2019/new/Bebel/toughsat_26bits_3.cnf,SAT,419.287
../SAT2019/sr2019/new/vonHolten/b1904P1-8x8c6h5SAT.cnf,SAT,2026.846
../SAT2018/Heule/CNP-5-200.cnf,SAT,143.692
../SAT2019/sr2019/new/Manthey/sv-comp19_prop-reachsafety.queue_longer_false-unreach-call.i-witness.cnf,-,108.616
../SAT2018/Zha/factoring29986577x29986577.cnf,SAT,230.471
../SAT2019/sr2019/old/26_stack_cas_longest_true-unreach-call.i-cbmc-u2-sc2016.cnf,SAT,105.668
../SAT2018/final/Soos/apn-sbox6-cut4-helpbox30.cnf,SAT,2441.716
../SAT2018/Scheel/cms-scheel-md4-families-r24-c8-p2-3-4-5-7-12-16-19.cnf,SAT,7.599
../SAT2018/Chowdhury/gto_p50c291.cnf,-,5000.010
../SAT2018/final/Soos/apn-sbox6-cut3-helpbox28.cnf,-,5000.049
../SAT2019/sr2019/old/IBM_FV_20002_31_1_rule_1_SAT_dat.k95-sc2007.cnf,-,5000.020
../SAT2018/final/Soos/apn-sbox6-cut4-helpbox29.cnf,SAT,2334.404
../SAT2018/Mayer-Eichberger/6-4-7.cnf,-,5000.005
../SAT2019/sr2019/new/Biere/eqbpdtlf18sparcl18.cnf,-,5000.007
../SAT2019/sr2019/old/rbsat-v945c61409gyes9-sc2009.cnf,SAT,99.730
../SAT2018/Scheel/cms-scheel-md5-families-r24-c4-p1-3-4-16.cnf,SAT,46.437
../SAT2018/Heusser/satcoin-genesis-SAT-2048.cnf,SAT,163.361
../SAT2018/Xiao/Nb27T6.cnf,UNSAT,713.199
../SAT2018/Ofer/courses_flat_0.16_2017_9.cnf,-,5000.044
../SAT2018/Chowdhury/gto_p60c231.cnf,UNSAT,74.288
../SAT2019/sr2019/new/Skladanivskyy/sha1r17m67a.cnf,SAT,536.575
../SAT2018/Jingchao/e_rphp065_04.cnf,UNSAT,878.059
../SAT2018/Devriendt/school1_nsh.col.14.cnf,-,5000.023
../SAT2018/Xiao/Nb8T61.cnf,SAT,507.551
../SAT2019/sr2019/old/MD5-29-5-sc2014.cnf,-,5000.011
../SAT2019/sr2019/new/Chen/hcp_d14_14.cnf,-,5000.011
../SAT2018/final/Collatz/C3-2-31.cnf,SAT,76.291
../SAT2019/sr2019/new/Manthey/sv-comp19_prop-reachsafety.newton_2_3_true-unreach-call_true-termination.i-witness.cnf,UNSAT,653.390
../SAT2019/sr2019/old/9pipe_k-sc2012.cnf,UNSAT,216.206
../SAT2019/sr2019/new/Biere/eqspctbk14spwtcl14.cnf,-,5000.009
../SAT2019/sr2019/old/countbitsrotate032-sc2009.cnf,-,5000.006
../SAT2018/Mayer-Eichberger/8-4-9.cnf,-,5000.060
../SAT2018/Heule/CNP-5-1500.cnf,SAT,178.583
../SAT2018/Chowdhury/gto_p60c243.cnf,UNSAT,460.611
../SAT2019/sr2019/old/rpoc_xits_12_UNKNOWN-sc2009.cnf,-,5000.015
../SAT2018/Heule/CNP-5-1300.cnf,SAT,39.793
../SAT2018/Ofer/course_flat_0.2_2018_3.cnf,SAT,224.698
../SAT2018/Xiao/Nb45T6.cnf,UNSAT,1371.009
../SAT2018/Xiao/Nb8T63.cnf,SAT,530.155
../SAT2018/final/Zhou/ramsey-30-4.cnf,SAT,2.657
../SAT2018/final/Soos/apn-sbox6-cut5-helpbox28.cnf,-,5000.043
../SAT2019/sr2019/old/vmpc_34.shuffled-as.sat05-1958-sc2005.cnf,-,5000.021
../SAT2019/sr2019/old/LABS_n089_goal008-sc2013.cnf,SAT,2735.592
../SAT2018/final/CRIL/T92.2.0.cnf,UNSAT,556.308
../SAT2018/final/Collatz/cannonball-opt-y.rules.4-10.cnf,-,5000.020
../SAT2019/sr2019/old/countbitswegner128-sc2011.cnf,UNSAT,1228.087
../SAT2018/Konan/TimetableCNFEncoding_17_UNKNOWN.cnf,-,3533.842
../SAT2018/Ehlers/ex051_9.cnf,UNSAT,3920.058
../SAT2019/sr2019/new/Manthey/sv-comp19_prop-reachsafety.newton_3_6_false-unreach-call_true-termination.i-witness.cnf,SAT,382.474
../SAT2019/sr2019/new/Skladanivskyy/sha1r17m146ABCD_p.cnf,SAT,355.820
../SAT2018/Harder/ecarev-110-4099-22-30-7.cnf,SAT,294.923
../SAT2019/sr2019/new/Savicky/size_5_5_5_i272_r12.cnf,SAT,1851.053
../SAT2018/Ofer/course_flat_0.16_2018_3.cnf,-,5000.079
../SAT2019/sr2019/new/Manthey/sv-comp19_prop-reachsafety.newton_3_7_false-unreach-call_true-termination.i-witness.cnf,SAT,730.262
../SAT2019/sr2019/old/course0.2_2018_3-sc2018.cnf,SAT,472.110
../SAT2019/sr2019/new/Heule/MM-23-3-3-N.cnf,-,5000.007
../SAT2018/final/Collatz/cz-alt-3-7.cnf,UNSAT,3272.007
../SAT2018/Chowdhury/gto_p60c239.cnf,UNSAT,192.166
../SAT2018/Xiao/Nb29T6.cnf,UNSAT,731.527
../SAT2018/Ehlers/ex025_19.cnf,UNSAT,2753.242
../SAT2019/sr2019/old/dp12u11.used-as.sat04-358-sc2004.cnf,UNSAT,121.510
../SAT2018/Jingchao/ae_rphp035_05.cnf,UNSAT,1271.959
../SAT2018/Heule/CNP-5-1700.cnf,SAT,120.364
../SAT2018/final/Johnson/sted1_0x24204-330.cnf,SAT,470.084
../SAT2018/Devriendt/queen8_12.col.12.cnf,UNSAT,12.761
../SAT2019/sr2019/new/Heule/MM-23-2-4-B.cnf,-,5000.007
../SAT2018/Chowdhury/gto_p60c231_1.cnf,UNSAT,99.975
../SAT2018/final/Collatz/less-cy-caa.rules.6-4.cnf,SAT,271.611
../SAT2019/sr2019/old/mod2c-3cage-unsat-10-2.sat05-2567.reshuffled-07-sc2007.cnf,UNSAT,1377.558
../SAT2018/Harder/ecarev-110-1031-23-40-6.cnf,SAT,1110.086
../SAT2018/Zha/factoring94418953x321534781.cnf,SAT,4156.308
../SAT2019/sr2019/new/Savicky/size_5_5_5_i116_r12.cnf,SAT,30.658
../SAT2019/sr2019/new/Skladanivskyy/sha1r17m72a_p.cnf,SAT,1649.685
../SAT2018/Biere/sdiv16prop.cnf,UNSAT,658.338
../SAT2019/sr2019/old/MUS-v310-4-sc2013.cnf,UNSAT,2604.658
../SAT2019/sr2019/old/rphp5_100_shuffled-sc2016.cnf,-,5000.008
../SAT2019/sr2019/old/sokoban-p20.sas.cr.35-sc2016.cnf,-,5000.046
../SAT2019/sr2019/old/frb59-26-1.used-as.sat04-891-sc2011.cnf,-,5000.027
../SAT2019/sr2019/old/006-23-96-sc2014.cnf,-,5000.017
../SAT2019/sr2019/new/Manthey/sv-comp19_prop-reachsafety.race-4_2-thread_local_vars_false-unreach-call.i-witness.cnf,SAT,41.455
../SAT2018/Xiao/Nb14T194.cnf,-,5000.318
../SAT2018/Biere/udiv40prop.cnf,UNSAT,517.844
../SAT2019/sr2019/old/gensys-icl005.shuffled-as.sat05-3826-sc2011.cnf,UNSAT,541.323
../SAT2018/Ofer/exam_flat_0.04_2018_3.cnf,SAT,1480.970
../SAT2018/Heusser/satcoin-genesis-SAT-5.cnf,SAT,1.009
../SAT2019/sr2019/old/k_unsat-sc2013.cnf,-,5000.014
../SAT2019/sr2019/old/vmpc_30-sc2007.cnf,-,5000.005
../SAT2018/Konan/TimetableCNFEncoding_6_UNKNOWN.cnf,-,5000.050
../SAT2018/final/Zhou/bibd-16-80-15-3-2_glb.cnf,SAT,12.339
../SAT2019/sr2019/new/Heule/MM-23-2-2-3-B.cnf,-,5000.020
../SAT2019/sr2019/old/SGI_30_60_24_40_2-dir.shuffled-as.sat03-118-sc2002.cnf,UNSAT,1750.067
../SAT2019/sr2019/old/LABS_n087_goal008-sc2013.cnf,SAT,630.748
../SAT2018/final/CRIL/T107.2.0.cnf,UNSAT,458.378
../SAT2018/final/Collatz/1mod8.rules.7-7.cnf,-,5000.014
../SAT2018/Manthey/Problem11_label29_false-unreach-call.c.cnf,SAT,162.708
../SAT2019/sr2019/new/Zhou/knight_16.cnf,-,5000.086
../SAT2019/sr2019/new/Heule/MM-23-2-2-2-2-C.cnf,-,5000.058
../SAT2019/sr2019/new/Zhou/Pb-chnl15-16_c18.cnf,-,5000.005
../SAT2018/Ofer/course_flat_0.12_2018_3_3.cnf,-,5000.035
../SAT2018/final/Johnson/sted1_0x24204-350.cnf,-,5000.006
../SAT2019/sr2019/new/Heule/MM-23-3-3-B.cnf,-,5000.024
../SAT2019/sr2019/new/Biere/eq2csparrc162cbpwtcl16.cnf,-,5000.009
../SAT2018/final/Soos/apn-sbox5-cut5-symmbreak.cnf,-,5000.018
../SAT2019/sr2019/new/Skladanivskyy/sha1r17m63a_p.cnf,SAT,71.218
../SAT2019/sr2019/new/Zhou/CarSequencing-90-02_c18.cnf,SAT,34.747
../SAT2018/Manthey/pals_lcr-var-start-time.5_true-unreach-call.ufo.UNBOUNDED.pals.c.cnf,UNSAT,34.543
../SAT2018/final/Collatz/ad-A-3-7-17.cnf,-,5000.004
../SAT2018/Jingchao/e_rphp096_04.cnf,UNSAT,4234.798
../SAT2018/Liang/quadratic_tight_error.c.cnf,UNSAT,161.174
../SAT2018/final/Collatz/by-X-2-7-100.cnf,UNSAT,1163.263
../SAT2019/sr2019/new/Savicky/size_5_5_5_i044_r12.cnf,SAT,44.526
../SAT2019/sr2019/old/aes_24_4_keyfind_5-sc2014.cnf,SAT,1213.439
../SAT2018/Zha/prime_119218851371.cnf,UNSAT,84.140
../SAT2018/Chowdhury/gto_p60c235.cnf,UNSAT,543.240
../SAT2019/sr2019/new/Zhou/SocialGolfers-6-6-6-cp_c18.cnf,-,5000.011
../SAT2018/Ehlers/ex175_18.cnf,SAT,2014.604
../SAT2018/Konan/TimetableCNFEncoding_3_UNKNOWN.cnf,-,5000.047
../SAT2019/sr2019/new/Biere/eqbpdtlf14spctbk14.cnf,-,5000.004
../SAT2018/Xiao/Nb52T6.cnf,UNSAT,1930.735
../SAT2019/sr2019/new/Zhou/Pb-chnl20-21_c18.cnf,-,5000.013
../SAT2019/sr2019/old/002-80-8-sc2014.cnf,SAT,727.563
../SAT2019/sr2019/new/Chen/hcp_CP22_22.cnf,-,5000.017
../SAT2018/Jingchao/a_rphp085_04.cnf,UNSAT,2316.927
../SAT2018/Zha/Karatsuba4477457x5308417.cnf,SAT,376.196
../SAT2019/sr2019/new/vonHolten/b1904P3-8x8c11h7UNSAT.cnf,UNSAT,656.781
../SAT2018/Chowdhury/gto_p50c314.cnf,-,5000.015
../SAT2018/Chowdhury/gto_p50c345_1.cnf,-,5000.029
../SAT2018/Konan/TimetableCNFEncoding_1_UNKNOWN.cnf,-,5000.066
../SAT2018/Scheel/cms-scheel-md4-families-r24-c4-p4-9-13-18.cnf,SAT,4551.286
../SAT2018/final/CRIL/T122.2.0.cnf,UNSAT,501.803
../SAT2018/Heusser/satcoin-genesis-SAT-10.cnf,SAT,2.004
../SAT2019/sr2019/old/total-10-15-u-sc2007.cnf,-,5000.009
../SAT2018/Heule/CNP-5-400.cnf,SAT,700.886
../SAT2018/Heusser/satcoin-genesis-SAT-16.cnf,SAT,1.876
../SAT2019/sr2019/new/Zhou/QuasiGroup-4-12_c18.cnf,SAT,460.469
../SAT2018/final/CRIL/T125.2.0.cnf,UNSAT,480.461
../SAT2019/sr2019/new/Biere/cruxmiter29seed4.cnf,UNSAT,1537.960
../SAT2018/final/Zhou/ortholatin-7.cnf,SAT,4.466
../SAT2019/sr2019/new/Chen/hcp_d16_16.cnf,-,5000.022
../SAT2018/Chen/20180326_095804286_p_cnf_320_1120.cnf,SAT,102.647
../SAT2019/sr2019/old/ACG-20-10p1-sc2009.cnf,SAT,1615.572
../SAT2018/Chen/20180322_164241329_p_cnf_320_1120.cnf,SAT,58.144
../SAT2019/sr2019/new/Biere/eqspdtlf14bpwtrc14.cnf,-,5000.011
../SAT2019/sr2019/old/test_v7_r12_vr10_c1_s18160.smt2-stp212-sc2016.cnf,-,5000.028
../SAT2018/Konan/TimetableCNFEncoding_2_UNKNOWN.cnf,-,5000.051
../SAT2018/final/Zhou/si2-b03m-m800-03.cnf,SAT,4.316
../SAT2019/sr2019/new/Zaikin/Grain_no_init_ver1_out200_known_last104_0.cnf,SAT,705.708
../SAT2019/sr2019/new/Biere/eqbpdtlf14bpwtcl14.cnf,UNSAT,1885.538
../SAT2019/sr2019/new/Bebel/toughsat_24bits_0.cnf,SAT,262.121
../SAT2018/Scheel/cms-scheel-md4-families-r24-c5-p1-8-13-18-19.cnf,SAT,660.160
../SAT2019/sr2019/old/6s139-sc2013.cnf,UNSAT,2458.521
../SAT2019/sr2019/old/ecarev-110-1031-23-40-8-sc2018.cnf,SAT,1268.540
../SAT2018/Heusser/satcoin-genesis-SAT-9.cnf,SAT,1.432
../SAT2019/sr2019/old/f6nidw-sc2012.cnf,UNSAT,14.386
../SAT2019/sr2019/old/UTI-20-10p1-sc2009.cnf,SAT,1100.281
../SAT2019/sr2019/new/Bebel/toughsat_25bits_1.cnf,SAT,242.382
../SAT2019/sr2019/old/sha2.shuffled-as.sat03-442-sc2002.cnf,-,5000.027
../SAT2019/sr2019/new/Savicky/size_4_4_4_i0566_r8.cnf,UNSAT,708.673
../SAT2019/sr2019/new/Zaikin/Grain_no_init_ver1_out200_known_last105_0_u.cnf,UNSAT,661.326
../SAT2018/Harder/ecarev-110-4099-22-30-4.cnf,SAT,613.520
../SAT2018/final/CRIL/T86.2.0.cnf,UNSAT,560.902
../SAT2019/sr2019/new/Chen/hcp_bij16_16.cnf,-,5000.097
../SAT2018/final/Johnson/sted1_0x0-420.cnf,-,5000.020
../SAT2019/sr2019/new/Savicky/size_4_4_4_i4096_r8.cnf,UNSAT,380.201
../SAT2019/sr2019/old/rbcl_xits_13_UNKNOWN-sc2009.cnf,-,5000.106
../SAT2019/sr2019/new/Skladanivskyy/sha1r17m148ABCD_p.cnf,SAT,2883.133
../SAT2019/sr2019/new/Heule/MM-23-4-4-4-4-1.cnf,-,5000.007
../SAT2019/sr2019/new/Bebel/toughsat_26bits_1.cnf,SAT,379.203
../SAT2018/Porkhunov/Cake_9_19.cnf,-,5000.016
../SAT2019/sr2019/old/satcoin-genesis-SAT-10-sc2018.cnf,SAT,1.495
../SAT2019/sr2019/new/Zhou/QuasiGroup-4-10_c18.cnf,-,5000.008
../SAT2019/sr2019/new/Heule/MM-23-no-type3.cnf,-,5000.014
../SAT2019/sr2019/old/partial-10-11-s-sc2007.cnf,-,5000.037
../SAT2019/sr2019/old/ndhf_xits_16_UNKNOWN-sc2009.cnf,-,5000.010
../SAT2019/sr2019/new/Chen/hcp_CP14_14.cnf,SAT,1324.254
../SAT2019/sr2019/new/Savicky/size_4_4_4_i3499_r8.cnf,UNSAT,595.929
../SAT2018/Heusser/satcoin-genesis-SAT-3.cnf,SAT,0.454
../SAT2018/Porkhunov/mchess_20.cnf,-,5000.018
../SAT2018/Manthey/Problem14_label14_false-unreach-call.c.cnf,SAT,125.081
../SAT2018/Ehlers/ex187_10.cnf,SAT,152.382
../SAT2019/sr2019/old/ctl_4291_567_2_unsat-sc2013.cnf,UNSAT,2365.264
../SAT2019/sr2019/new/Zhou/GracefulGraph-K04-P04_c18.cnf,SAT,68.501
../SAT2018/Chowdhury/gto_p50c312.cnf,-,5000.013
../SAT2019/sr2019/new/Chen/hcp_r26_26.cnf,-,41.394
../SAT2019/sr2019/old/008-80-8-sc2014.cnf,SAT,309.642
../SAT2018/Chowdhury/gto_p50c345.cnf,-,5000.023
../SAT2018/Zha/Karatsuba7654321x1234567.cnf,SAT,76.087
../SAT2018/Porkhunov/Cake_9_20.cnf,-,5000.018
../SAT2018/Chowdhury/gto_p60c343.cnf,-,5000.022
../SAT2019/sr2019/old/stone-width3chain-nmarkers-20_shuffled-sc2016.cnf,-,5000.098
../SAT2018/final/Soos/apn-sbox6-cut5-helpbox26.cnf,-,5000.052
../SAT2019/sr2019/old/6-4-6-sc2018.cnf,-,5000.166
../SAT2018/Biere/uniqinv45prop.cnf,UNSAT,2784.559
../SAT2018/Ofer/courses0.2_2017_9.cnf,SAT,276.903
../SAT2019/sr2019/new/Zhou/frb-40-19-1-mgd_c18.cnf,SAT,6.642
../SAT2019/sr2019/old/atco_enc2_opt2_05_9-sc2014.cnf,SAT,113.881
../SAT2019/sr2019/new/Biere/eqsparrc16spwtcl16.cnf,-,5000.010
../SAT2018/Chowdhury/gto_p50c307.cnf,-,5000.022
../SAT2018/Scheel/cms-scheel-md5-families-r24-c11-p1-4-6-9-10-11-13-15-17-18-19.cnf,SAT,19.366
../SAT2019/sr2019/old/apn-sbox6-cut4-helpbox31-sc2018.cnf,SAT,518.477
../SAT2019/sr2019/old/snw_13_8_pre-sc2016.cnf,UNSAT,1941.651
../SAT2018/Ofer/courses_flat_0.12_2017_9.cnf,-,5000.032
../SAT2019/sr2019/old/partial-5-19-u-sc2007.cnf,-,5000.028
../SAT2019/sr2019/old/ex051_9-sc2018.cnf,UNSAT,4036.871
../SAT2019/sr2019/old/sokoban-p16.sas.ex.15-sc2016.cnf,UNSAT,1387.175
../SAT2018/Biere/uniqinv30prop.cnf,UNSAT,528.642
../SAT2019/sr2019/old/atco_enc1_opt1_04_32-sc2014.cnf,SAT,71.178
../SAT2019/sr2019/new/Manthey/sv-comp19_prop-reachsafety.sine_8_true-unreach-call_true-termination.i-witness.cnf,UNSAT,10.261
../SAT2018/Heule/CNP-5-1200.cnf,SAT,150.369
../SAT2018/Ofer/exam0.04_2018_3.cnf,SAT,1173.110
../SAT2018/final/Soos/apn-sbox6-cut3-helpbox30.cnf,SAT,753.333
../SAT2019/sr2019/new/Biere/eqspctbk12bpwtrc12.cnf,-,5000.008
../SAT2018/final/CRIL/T82.2.0.cnf,UNSAT,482.026
../SAT2018/Jingchao/ae_rphp062_05.cnf,-,5000.119
../SAT2019/sr2019/old/MD5-29-4-sc2014.cnf,-,5000.021
../SAT2019/sr2019/new/Heule/MM-23-2-2-2-2-A.cnf,-,5000.026
../SAT2019/sr2019/new/Biere/eqbparrc12spctbk12.cnf,-,5000.006
../SAT2018/Mayer-Eichberger/8-4-8.cnf,-,5000.034
../SAT2019/sr2019/new/Skladanivskyy/sha1r17m148ABCD.cnf,SAT,1028.952
../SAT2018/Chen/20180321_140827428_p_cnf_320_1120.cnf,SAT,35.390
../SAT2019/sr2019/new/Heule/MM-23-5-A.cnf,-,5000.021
../SAT2018/Xiao/Nb51T6.cnf,UNSAT,3570.568
../SAT2018/Chen/20180321_110704973_p_cnf_320_1120.cnf,-,5000.007
../SAT2018/Xiao/Nb49T6.cnf,UNSAT,1931.292
../SAT2019/sr2019/new/vonHolten/b1904P3-8x8c11h0SAT.cnf,-,5000.045
../SAT2018/Heule/CNP-5-0.cnf,SAT,219.228
../SAT2019/sr2019/old/srhd-sgi-m62-q1504.5-n60-p30-s88600538-sc2011.cnf,-,5000.023
../SAT2018/Xiao/Nb39T6.cnf,UNSAT,1162.286
../SAT2018/final/Johnson/sted1_0x0-350.cnf,-,5000.009
../SAT2018/final/Soos/apn-sbox5-cut3-symmbreak.cnf,-,5000.014
../SAT2019/sr2019/new/Savicky/size_5_5_5_i003_r12.cnf,-,5000.012
../SAT2019/sr2019/new/Manthey/sv-comp19_prop-reachsafety.square_5_true-unreach-call_true-termination.i-witness.cnf,UNSAT,169.102
../SAT2019/sr2019/old/ak128astepbg2msaig-sc2016.cnf,-,5000.016
../SAT2018/Porkhunov/Cake_8_16.cnf,-,5000.009
../SAT2018/Manthey/filter1_true-unreach-call.c.cnf,UNSAT,860.008
../SAT2018/Jingchao/a_rphp098_04.cnf,-,5000.017
../SAT2019/sr2019/new/Zaikin/Trivium_no_init_out350_known_last142_1_u.cnf,UNSAT,4032.119
../SAT2019/sr2019/new/Savicky/size_5_5_5_i223_r12.cnf,SAT,31.439
../SAT2019/sr2019/new/Chen/hcp_d20_20.cnf,-,5000.053
../SAT2019/sr2019/new/Zaikin/Mickey_out250_known_last147_0.cnf,SAT,610.305
../SAT2018/Zha/Karatsuba6972593x13466917.cnf,SAT,75.570
../SAT2018/Devriendt/school1.col.14.cnf,UNSAT,1059.089
../SAT2019/sr2019/old/ex175_18-sc2018.cnf,SAT,2790.924
../SAT2019/sr2019/old/sokoban-p16.sas.ex.23-sc2016.cnf,-,5000.089
../SAT2018/Jingchao/a_rphp045_05.cnf,-,5000.028
../SAT2019/sr2019/new/Bebel/toughsat_23bits_1.cnf,SAT,49.741
../SAT2019/sr2019/new/Skladanivskyy/sha1r17m63a.cnf,SAT,269.379
../SAT2019/sr2019/old/QG7a-gensys-ukn002.sat05-3842.reshuffled-07-sc2007.cnf,UNSAT,370.218
../SAT2019/sr2019/new/Zhou/knight_18.cnf,-,5000.057
../SAT2018/Ehlers/ex009_10.cnf,SAT,408.686
../SAT2019/sr2019/new/Savicky/size_4_4_4_i4828_r8.cnf,UNSAT,557.504
../SAT2019/sr2019/old/ak128modasbg2asisc-sc2016.cnf,-,5000.033
../SAT2018/Heule/CNP-5-300.cnf,SAT,193.957
