../SAT2019/sr2019/new/Bebel/toughsat_24bits_3.cnf,SAT,106.519
../SAT2018/Manthey/Problem14_label57_false-unreach-call.c.cnf,SAT,125.972
../SAT2018/Harder/ecarev-110-1031-23-40-8.cnf,SAT,1160.948
../SAT2018/final/CRIL/T105.2.0.cnf,UNSAT,394.457
../SAT2019/sr2019/old/sokoban-p16.sas.ex.19-sc2016.cnf,-,5000.434
../SAT2018/Chen/20180321_140833987_p_cnf_320_1120.cnf,SAT,2334.559
../SAT2019/sr2019/new/Zhou/CarSequencing-90-01_c18.cnf,SAT,169.318
../SAT2019/sr2019/old/par32-1-c.shuffled-as.sat03-1531-sc2002.cnf,-,5000.006
../SAT2019/sr2019/new/Chen/hcp_d22_22.cnf,-,5000.015
../SAT2018/Biere/sdiv20prop.cnf,-,5000.093
../SAT2019/sr2019/old/mod2c-3cage-unsat-10-3.sat05-2568.reshuffled-07-sc2007.cnf,UNSAT,4576.539
../SAT2019/sr2019/new/Zaikin/Grain_no_init_ver1_out200_known_last105_0.cnf,SAT,326.284
../SAT2019/sr2019/old/mrpp_6x6#12_24-sc2013.cnf,SAT,8.214
../SAT2019/sr2019/old/20180326_095804936_p_cnf_320_1120-sc2018.cnf,-,5000.028
../SAT2018/final/Johnson/sted5_0x0-70.cnf,-,5000.013
../SAT2019/sr2019/old/hwb-n26-01-S1957858365.shuffled-as.sat03-1622-sc2002.cnf,UNSAT,1245.606
../SAT2019/sr2019/old/rubikcube701-sc2017.cnf,UNSAT,2944.634
../SAT2019/sr2019/old/slp-synthesis-aes-bottom18-sc2011.cnf,-,5000.015
../SAT2018/Heule/CNP-5-1000.cnf,SAT,43.691
../SAT2018/Ehlers/ex067_10.cnf,SAT,278.737
../SAT2018/Heusser/satcoin-genesis-SAT-32.cnf,SAT,16.933
../SAT2018/Heule/CNP-5-1800.cnf,SAT,82.518
../SAT2018/Jingchao/e_rphp056_05.cnf,-,5000.222
../SAT2018/final/Collatz/ax-d-4-7-5.cnf,-,5000.024
../SAT2019/sr2019/new/Biere/eqsparcl12bpwtrc12.cnf,-,5000.030
../SAT2019/sr2019/old/gus-md5-14-sc2009.cnf,-,5000.017
../SAT2018/Ehlers/ex015_14.cnf,-,5000.264
../SAT2019/sr2019/new/Skladanivskyy/sha1r17m145ABCD_p.cnf,-,5000.015
../SAT2019/sr2019/old/partial-5-11-u-sc2007.cnf,-,5000.011
../SAT2018/Heusser/satcoin-genesis-SAT-512.cnf,SAT,52.123
../SAT2018/Biere/sdiv40prop.cnf,-,5000.064
../SAT2019/sr2019/old/003-sc2013.cnf,-,5000.052
../SAT2018/final/Johnson/sted5_0x0-60.cnf,-,5000.005
../SAT2018/final/Zhou/si2-b06m-m1000-03.cnf,SAT,21.060
../SAT2019/sr2019/old/x2_128.shuffled-as.sat03-1598-sc2002.cnf,-,5000.200
../SAT2018/final/CRIL/T87.2.0.cnf,UNSAT,546.058
../SAT2018/Scheel/cms-scheel-md5-families-r24-c7-p1-5-6-12-16-18-19.cnf,SAT,1016.654
../SAT2019/sr2019/old/Nb7T44-sc2017.cnf,SAT,99.898
../SAT2018/final/Collatz/mod8-abd-yad.rules.7-7.cnf,SAT,4.086
../SAT2018/Heule/CNP-5-700.cnf,SAT,111.036
../SAT2019/sr2019/old/EDP3-70000-sc2014.cnf,-,5000.055
../SAT2019/sr2019/old/Schur_161_5_d22-sc2016.cnf,-,5000.016
../SAT2018/Heusser/satcoin-genesis-SAT-1024.cnf,SAT,41.237
../SAT2019/sr2019/new/Heule/MM-23-2-2-3-A.cnf,-,5000.019
../SAT2019/sr2019/new/Bebel/toughsat_28bits_0.cnf,SAT,2708.457
../SAT2018/Xiao/Nb37T6.cnf,UNSAT,725.867
../SAT2019/sr2019/new/Zhou/knight_20.cnf,-,5000.133
../SAT2019/sr2019/new/Biere/eqbpdtlf14spdtlf14.cnf,-,5000.006
../SAT2019/sr2019/old/ezfact64_8.shuffled-as.sat03-1524-sc2002.cnf,SAT,356.388
../SAT2019/sr2019/new/Skladanivskyy/sha1r17m145ABCD.cnf,SAT,3519.035
../SAT2018/Ehlers/ex177_12.cnf,-,5000.086
../SAT2019/sr2019/new/Savicky/size_4_4_4_i4295_r8.cnf,UNSAT,253.762
../SAT2018/Scheel/cms-scheel-md5-families-r24-c6-p1-4-6-13-14-18.cnf,SAT,3379.981
../SAT2019/sr2019/old/uniqinv47prop-sc2018.cnf,UNSAT,2605.481
../SAT2019/sr2019/new/vonHolten/b1904P1-8x8c6h7SAT.cnf,SAT,1866.621
../SAT2018/Heule/CNP-5-500.cnf,SAT,577.865
../SAT2019/sr2019/new/Zaikin/ASG_72_keystream76_1.cnf,SAT,2427.892
../SAT2018/Mayer-Eichberger/9-4-10.cnf,-,5000.033
../SAT2019/sr2019/old/QG7a-gensys-icl001.sat05-3822.reshuffled-07-sc2007.cnf,UNSAT,96.176
../SAT2019/sr2019/old/aes_32_3_keyfind_1-sc2011.cnf,SAT,3708.908
../SAT2018/Manthey/Problem14_label19_true-unreach-call.c.cnf,UNSAT,74.976
../SAT2019/sr2019/new/Zaikin/Trivium_no_init_out350_known_last143_1_u.cnf,UNSAT,1512.736
../SAT2019/sr2019/old/ezfact64_6.shuffled-as.sat03-1522-sc2002.cnf,SAT,174.879
../SAT2019/sr2019/new/Skladanivskyy/sha1r17m75a.cnf,SAT,293.160
../SAT2018/Chowdhury/gto_p50c314_1.cnf,-,5000.007
../SAT2018/final/Johnson/sted5_0x1e3-20.cnf,-,5000.092
../SAT2018/final/Soos/apn-sbox6-cut3-helpbox31.cnf,SAT,537.442
../SAT2018/final/Zhou/bibd-8-70-35-4-15_glb.cnf,SAT,7.528
../SAT2018/final/CRIL/T84.2.0.cnf,UNSAT,484.407
../SAT2019/sr2019/new/Zhou/Mario-t-hard-2_c18.cnf,SAT,1.265
../SAT2018/Chen/20180322_164226661_p_cnf_320_1120.cnf,-,5000.007
../SAT2019/sr2019/new/Biere/eqbparrc18spwtrc18.cnf,-,5000.008
../SAT2019/sr2019/old/atco_enc1_opt2_20_12-sc2014.cnf,UNSAT,2386.692
../SAT2019/sr2019/new/Heule/MM-23-2-2-2-2-B.cnf,-,5000.015
../SAT2018/Jingchao/ae_rphp075_04.cnf,UNSAT,1269.168
../SAT2018/Scheel/cms-scheel-md4-families-r24-c5-p5-13-16-17-19.cnf,SAT,1144.783
../SAT2019/sr2019/new/Chen/hcp_r20_20.cnf,SAT,10.585
../SAT2019/sr2019/old/aaai10-planning-ipc5-TPP-21-step11-sc2011.cnf,UNSAT,346.243
../SAT2019/sr2019/old/le450_15b.col.15-sc2018.cnf,-,5000.026
../SAT2018/Heusser/satcoin-genesis-SAT-256.cnf,SAT,35.957
../SAT2019/sr2019/new/Chen/hcp_CP26_26.cnf,-,5000.016
../SAT2018/Chen/20180322_164226378_p_cnf_320_1120.cnf,SAT,1227.499
../SAT2018/final/Johnson/sted5_0x1e3-60.cnf,-,5000.022
../SAT2018/Manthey/pals_lcr.8_overflow_false-unreach-call.ufo.UNBOUNDED.pals.c.cnf,UNSAT,229.721
../SAT2018/final/Soos/apn-sbox6-cut5-helpbox29.cnf,SAT,498.683
../SAT2018/final/Johnson/sted5_0x0-50.cnf,SAT,93.500
../SAT2018/Scheel/cms-scheel-md5-families-r24-c5-p6-11-15-16-19.cnf,UNSAT,4.251
../SAT2019/sr2019/new/Bebel/toughsat_22bits_1.cnf,SAT,12.603
../SAT2019/sr2019/new/Zaikin/Trivium_no_init_out350_known_last142_1.cnf,SAT,2017.639
../SAT2018/Chen/20180322_164245263_p_cnf_320_1120.cnf,-,5000.015
../SAT2019/sr2019/old/SAT_dat.k100-sc2012.cnf,UNSAT,389.548
../SAT2019/sr2019/old/mrpp_8x8#20_24-sc2014.cnf,SAT,938.669
../SAT2019/sr2019/new/Chen/hcp_CP16_16.cnf,SAT,2103.063
../SAT2018/final/Soos/apn-sbox6-cut5-helpbox30.cnf,SAT,92.218
../SAT2018/final/Collatz/full-by-za.rules.5-7.cnf,SAT,913.049
../SAT2018/Heule/CNP-5-1400.cnf,SAT,105.298
../SAT2018/Liang/assoc_mult_err_3.c.cnf,UNSAT,31.177
../SAT2018/Chen/20180326_095801070_p_cnf_320_1120.cnf,-,5000.009
../SAT2019/sr2019/new/Manthey/sv-comp19_prop-reachsafety.sigma_false-unreach-call.i-witness.cnf,SAT,396.537
../SAT2019/sr2019/new/Zaikin/ASG_96_len112_known_last13_2.cnf,SAT,60.184
../SAT2019/sr2019/old/LABS_n066_goal005-sc2013.cnf,-,5000.016
../SAT2018/Ehlers/ex145_11.cnf,-,5000.014
../SAT2019/sr2019/old/aaai10-planning-ipc5-pathways-17-step21-sc2011.cnf,SAT,489.604
../SAT2018/Chen/20180326_095804936_p_cnf_320_1120.cnf,-,5000.020
../SAT2019/sr2019/new/Bebel/toughsat_23bits_3.cnf,SAT,192.191
../SAT2018/final/Collatz/cz-3-7-7.cnf,UNSAT,1150.541
../SAT2018/Liang/sqrt_ineq_2.c.cnf,SAT,16.726
../SAT2018/Biere/uniqinv20prop.cnf,UNSAT,103.211
../SAT2019/sr2019/old/UR-20-5p1-sc2009.cnf,SAT,113.273
../SAT2018/Mayer-Eichberger/10-3-13.cnf,-,5000.041
../SAT2018/Konan/TimetableCNFEncoding_16_UNKNOWN.cnf,-,5000.029
../SAT2019/sr2019/old/ctl_4291_567_2_unsat_pre-sc2013.cnf,UNSAT,2672.101
../SAT2019/sr2019/old/pb_300_10_lb_08-sc2014.cnf,UNSAT,110.801
../SAT2019/sr2019/old/blocks-blocks-37-1.130-NOTKNOWN-sc2011.cnf,UNSAT,3901.643
../SAT2019/sr2019/old/bob12s06-sc2013.cnf,UNSAT,2733.425
../SAT2019/sr2019/new/Zaikin/ASG_96_len112_known_last12_2_u.cnf,SAT,218.296
../SAT2018/final/Johnson/sted5_0x24204-70.cnf,-,5000.017
../SAT2019/sr2019/old/slp-synthesis-aes-bottom22-sc2011.cnf,-,5000.026
../SAT2018/Mayer-Eichberger/8-4-10.cnf,-,5000.352
../SAT2018/Mayer-Eichberger/7-5-6.cnf,-,5000.153
../SAT2018/Jingchao/ae_rphp056_05.cnf,-,5000.015
../SAT2019/sr2019/new/Zaikin/Mickey_out250_known_last146_0.cnf,SAT,103.043
../SAT2018/Mayer-Eichberger/8-5-6.cnf,-,5000.025
../SAT2019/sr2019/old/007-sc2013.cnf,-,5000.018
../SAT2019/sr2019/old/SAT_dat.k85-sc2013.cnf,UNSAT,1724.078
../SAT2018/Chowdhury/gto_p60c238.cnf,UNSAT,913.824
../SAT2019/sr2019/old/minxorminand128-sc2009.cnf,UNSAT,1156.922
../SAT2018/final/Soos/apn-sbox6-cut4-helpbox23.cnf,-,5000.892
../SAT2018/Chen/20180321_110706599_p_cnf_320_1120.cnf,-,5000.003
../SAT2018/final/CRIL/T62.2.0.cnf,UNSAT,451.228
../SAT2019/sr2019/new/Bebel/toughsat_26bits_0.cnf,SAT,79.101
../SAT2018/Liang/assoc2.c.cnf,-,5000.030
../SAT2019/sr2019/old/24.4-sc2017.cnf,-,5000.071
../SAT2019/sr2019/old/maxxor032-sc2011.cnf,UNSAT,30.750
../SAT2018/Manthey/Problem14_label20_true-unreach-call.c.cnf,UNSAT,3.398
../SAT2019/sr2019/old/slp-synthesis-aes-top21-sc2011.cnf,-,5000.015
../SAT2018/Manthey/terminator_03_true-unreach-call_true-termination.i.cnf,UNSAT,153.525
../SAT2019/sr2019/new/Savicky/size_4_4_4_i2704_r8.cnf,UNSAT,702.279
../SAT2018/Zha/factoring87654321x12345678.cnf,SAT,22.036
../SAT2019/sr2019/new/Manthey/sv-comp19_prop-reachsafety.fib_bench_longest_false-unreach-call.i-witness.cnf,SAT,292.549
../SAT2019/sr2019/new/Zaikin/MASG0_72_keystream76_0.cnf,SAT,1818.359
../SAT2019/sr2019/new/Skladanivskyy/sha1r17m72a.cnf,SAT,936.903
../SAT2019/sr2019/new/Heule/MM-23-2-2-2-4-B.cnf,-,5000.018
../SAT2018/final/CRIL/T129.2.0.cnf,UNSAT,529.997
../SAT2018/final/Collatz/by-alt-5-7.cnf,SAT,385.983
../SAT2018/final/Zhou/bibd-19-57-9-3-1_glb.cnf,SAT,1.696
../SAT2018/Manthey/pals_lcr-var-start-time.6_true-unreach-call.ufo.UNBOUNDED.pals.c.cnf,UNSAT,211.624
../SAT2018/Devriendt/huck.col.11.cnf,UNSAT,3.158
../SAT2018/final/Johnson/sted1_0x0-380.cnf,-,5000.020
../SAT2019/sr2019/new/vonHolten/b1904P2-8x8c9h5SAT.cnf,-,5000.010
../SAT2019/sr2019/new/Biere/eqbpdtlf16spdtlf16.cnf,-,5000.023
../SAT2019/sr2019/new/Savicky/size_5_5_5_i218_r12.cnf,SAT,1048.189
../SAT2018/Ofer/courses0.12_2017_9.cnf,-,5000.017
../SAT2019/sr2019/old/sin.c.75.smt2-cvc4-sc2016.cnf,-,5000.308
../SAT2018/Heusser/satcoin-genesis-SAT-128.cnf,SAT,27.269
../SAT2019/sr2019/old/aes_equiv_encry_3_rounds.debugged-sc2012.cnf,UNSAT,466.755
../SAT2018/Ehlers/ex175_20.cnf,SAT,1137.523
../SAT2019/sr2019/old/gss-33-s100-sc2009.cnf,-,5000.007
../SAT2019/sr2019/old/connm-ue-csp-sat-n800-d0.02-s111845174.used-as.sat04-958-sc2011.cnf,-,5000.034
../SAT2019/sr2019/new/Savicky/size_5_5_5_i260_r12.cnf,SAT,770.539
../SAT2018/Manthey/Problem14_label55_true-unreach-call.c.cnf,UNSAT,102.967
../SAT2019/sr2019/old/total-10-15-s-sc2007.cnf,SAT,377.034
../SAT2019/sr2019/new/Manthey/sv-comp19_prop-reachsafety.26_stack_cas_longer_false-unreach-call.i-witness.cnf,SAT,285.533
../SAT2019/sr2019/old/004-80-8-sc2014.cnf,SAT,4014.006
../SAT2018/Ofer/exams0.04_2017_9.cnf,SAT,516.267
../SAT2018/Ofer/course_flat_0.12_2018_3_5.cnf,-,5000.049
../SAT2018/Biere/udiv46prop.cnf,UNSAT,2564.738
../SAT2019/sr2019/old/f10nidw-sc2012.cnf,UNSAT,376.926
../SAT2018/Devriendt/le450_15a.col.15.cnf,-,5000.012
../SAT2019/sr2019/old/hitag2-8-60-0-0x880693399044612-25-SAT-sc2013.cnf,-,5000.001
../SAT2019/sr2019/new/vonHolten/b1904P3-8x8c11h7SAT.cnf,-,5000.019
../SAT2018/Biere/uniqinv25prop.cnf,UNSAT,213.823
../SAT2018/final/Zhou/frb35-17-5_ext.cnf,SAT,7.972
../SAT2019/sr2019/old/Nb51T6-sc2018.cnf,UNSAT,3261.032
../SAT2018/Manthey/Problem11_label51_false-unreach-call.c.cnf,SAT,119.985
../SAT2019/sr2019/new/Zhou/Subisomorphism-g10-g23_c18.cnf,-,5000.010
../SAT2019/sr2019/new/Heule/MM-23-2-2-2-2-D.cnf,-,5000.014
../SAT2018/Devriendt/le450_15c.col.15.cnf,-,5000.025
../SAT2019/sr2019/old/ablmulub16x4o-sc2016.cnf,UNSAT,153.499
../SAT2019/sr2019/old/mulhs016-sc2009.cnf,-,5000.021
../SAT2018/Ofer/course_flat_0.12_2018_3_1.cnf,SAT,355.673
../SAT2018/final/Zhou/si2-r001-m200-00.cnf,SAT,30.421
../SAT2018/Biere/uniqinv40prop.cnf,UNSAT,1495.526
../SAT2019/sr2019/old/9dlx_vliw_at_b_iq8-sc2007.cnf,UNSAT,898.393
../SAT2018/Xiao/Nb13T166.cnf,-,5000.095
../SAT2019/sr2019/old/manthey_single-ordered-initialized-w50-b7-sr2015.cnf,UNSAT,2388.295
../SAT2018/final/CRIL/T93.2.0.cnf,UNSAT,426.504
../SAT2018/Harder/ecarev-110-1031-23-40-3.cnf,UNSAT,16.125
../SAT2018/Konan/TimetableCNFEncoding_5_UNKNOWN.cnf,-,5000.050
../SAT2019/sr2019/old/6s133-sc2014.cnf,UNSAT,299.616
../SAT2018/Chowdhury/gto_p60c234.cnf,UNSAT,327.536
../SAT2019/sr2019/new/Biere/cruxmiter29seed9.cnf,-,5000.101
../SAT2019/sr2019/old/slp-synthesis-aes-bottom13-sc2011.cnf,UNSAT,24.196
../SAT2018/Liang/dist4.c.cnf,UNSAT,90.773
../SAT2018/Scheel/cms-scheel-md4-families-r24-c5-p1-5-10-12-18.cnf,UNSAT,1.524
../SAT2018/Devriendt/queen8_8.col.9.cnf,-,5000.009
../SAT2019/sr2019/old/manthey_DimacsSorter_37_3-sr2015.cnf,SAT,370.479
../SAT2019/sr2019/new/Savicky/size_5_5_5_i198_r12.cnf,SAT,905.839
../SAT2019/sr2019/old/IBM_FV_2004_rule_batch_2_31_2_SAT_dat.k45.debugged-sc2012.cnf,-,5000.019
../SAT2018/Liang/dist6.c.cnf,UNSAT,81.209
../SAT2018/final/Zhou/magicSquare-8_glb.cnf,SAT,28.411
../SAT2019/sr2019/new/Biere/eqbpwtrc10bpdtlf10.cnf,UNSAT,218.448
../SAT2018/final/Zhou/si2-m4Dr2-m256-08.cnf,SAT,20.724
../SAT2019/sr2019/new/Heule/MM-23-3-3-A.cnf,-,5000.016
../SAT2018/final/CRIL/T116.2.0.cnf,UNSAT,320.829
../SAT2019/sr2019/old/atco_enc3_opt2_10_12-sc2014.cnf,UNSAT,1530.758
../SAT2018/Heusser/satcoin-genesis-SAT-4096.cnf,SAT,285.625
../SAT2019/sr2019/new/Savicky/size_5_5_5_i063_r12.cnf,SAT,354.776
../SAT2018/final/Zhou/si2-r001-m200-09.cnf,SAT,28.753
../SAT2018/Biere/udiv48prop.cnf,UNSAT,3531.858
../SAT2018/Ehlers/ex065_24.cnf,-,5000.015
../SAT2019/sr2019/new/Biere/eqspctbk14sparcl14.cnf,-,5000.397
../SAT2019/sr2019/old/6s169-opt-sc2014.cnf,UNSAT,11.609
../SAT2019/sr2019/old/unsat-set-a-fclqcolor-20-13-14.sat05-1278.reshuffled-07-sc2007.cnf,-,5000.017
../SAT2018/final/Collatz/bx-d-4-7-8.cnf,SAT,1052.367
../SAT2018/Harder/ecarev-110-1031-23-40-5.cnf,SAT,579.479
../SAT2019/sr2019/old/ctl_4291_567_5_unsat_pre-sc2014.cnf,-,5000.006
../SAT2019/sr2019/old/AProVE07-26-sc2007.cnf,-,5000.029
../SAT2018/Zha/prime_200560490131.cnf,UNSAT,92.718
../SAT2018/Konan/TimetableCNFEncoding_8_UNKNOWN.cnf,-,5000.031
../SAT2018/Heule/CNP-5-1900.cnf,SAT,20.660
../SAT2019/sr2019/old/ps_5000_21250_3_0_0.7_0_1.45_4-sc2017.cnf,-,5000.008
../SAT2019/sr2019/new/Bebel/toughsat_25bits_0.cnf,SAT,52.700
../SAT2019/sr2019/old/e_rphp035_05-sc2018.cnf,UNSAT,2357.990
../SAT2018/Scheel/cms-scheel-md5-families-r24-c5-p2-7-8-15-19.cnf,SAT,645.526
../SAT2018/final/Collatz/less-cy-caa.rules.4-9.cnf,SAT,417.792
../SAT2019/sr2019/old/6s126-opt-sc2014.cnf,UNSAT,3549.213
../SAT2018/Porkhunov/mchess_16.cnf,UNSAT,353.007
../SAT2018/Jingchao/a_rphp055_04.cnf,UNSAT,220.550
../SAT2018/final/Johnson/sted5_0x24204-50.cnf,SAT,16.776
../SAT2018/final/Soos/apn-sbox6-cut3-helpbox29.cnf,SAT,1287.077
../SAT2018/Ehlers/ex175_17.cnf,SAT,3483.307
../SAT2019/sr2019/old/b_unsat-sc2013.cnf,UNSAT,1563.468
../SAT2018/Devriendt/queen12_12.col.12.cnf,UNSAT,19.858
../SAT2018/Chen/20180322_164238439_p_cnf_320_1120.cnf,-,5000.091
../SAT2018/Heule/CNP-5-900.cnf,SAT,171.865
../SAT2018/final/CRIL/T117.2.0.cnf,UNSAT,392.223
../SAT2019/sr2019/new/Skladanivskyy/sha1r17m66a.cnf,SAT,460.612
../SAT2019/sr2019/old/atco_enc1_opt2_10_16-sc2014.cnf,SAT,843.325
../SAT2019/sr2019/new/Bebel/toughsat_25bits_2.cnf,SAT,154.428
../SAT2019/sr2019/old/atco_enc2_opt2_10_21-sc2014.cnf,SAT,215.038
../SAT2018/Ofer/course0.12_2018_3_5.cnf,-,5000.039
../SAT2018/Ehlers/ex157_10.cnf,SAT,397.278
../SAT2018/Ofer/course0.16_2018_3_5.cnf,SAT,372.082
../SAT2019/sr2019/new/Skladanivskyy/sha1r17m149ABCD_p.cnf,SAT,1299.119
../SAT2019/sr2019/new/Savicky/size_4_4_4_i0418_r8.cnf,UNSAT,501.046
../SAT2019/sr2019/new/Heule/MM-22.cnf,-,5000.027
../SAT2019/sr2019/new/Zaikin/Trivium_no_init_out350_known_last143_1.cnf,SAT,1879.174
../SAT2018/Xiao/Nb42T6.cnf,UNSAT,1207.170
../SAT2018/final/Collatz/bx-d-4-7-6.cnf,-,5000.019
../SAT2019/sr2019/new/Biere/eqspwtrc16bparrc16.cnf,-,5000.006
../SAT2019/sr2019/old/c6288mul.miter.shuffled-as.sat03-346-sc2002.cnf,UNSAT,677.354
../SAT2018/Biere/uniqinv46prop.cnf,UNSAT,2447.984
../SAT2018/final/Collatz/bz-X-4-7-6.cnf,-,5000.501
../SAT2018/Xiao/Nb8T60.cnf,SAT,195.072
../SAT2018/Xiao/Nb8T62.cnf,SAT,43.135
../SAT2018/Jingchao/ae_rphp045_05.cnf,-,5000.009
../SAT2018/final/CRIL/T90.2.0.cnf,UNSAT,477.303
../SAT2018/Scheel/cms-scheel-md4-families-r24-c6-p0-5-10-11-17-18.cnf,UNSAT,1.188
../SAT2019/sr2019/new/Heule/MM-23-2-4-A.cnf,-,5000.022
../SAT2018/Manthey/newton_3_6_false-unreach-call.i.cnf,SAT,249.222
../SAT2018/Harder/ecarev-110-1031-23-40-1.cnf,SAT,537.479
../SAT2018/Heusser/satcoin-genesis-SAT-8192.cnf,SAT,380.736
../SAT2018/Scheel/cms-scheel-md5-families-r24-c8-p0-3-5-6-14-16-18-19.cnf,SAT,724.518
../SAT2018/Devriendt/le450_25a.col.25.cnf,-,5000.015
../SAT2019/sr2019/old/ablmulub2x32o-sc2016.cnf,UNSAT,350.357
../SAT2019/sr2019/new/Manthey/sv-comp19_prop-reachsafety.newton_3_8_false-unreach-call_true-termination.i-witness.cnf,SAT,89.406
../SAT2019/sr2019/new/Manthey/sv-comp19_prop-reachsafety.newton_2_4_true-unreach-call_true-termination.i-witness.cnf,UNSAT,435.791
../SAT2019/sr2019/new/Zhou/Mario-t-hard-5_c18.cnf,SAT,58.493
../SAT2018/Heusser/satcoin-genesis-SAT-64.cnf,SAT,18.605
../SAT2018/final/Johnson/sted1_0x1e3-200.cnf,-,5000.014
../SAT2018/final/Soos/apn-sbox5-cut4-symmbreak.cnf,-,5000.057
../SAT2019/sr2019/old/smtlib-qfbv-aigs-countbits128-tseitin-sc2011.cnf,UNSAT,1327.370
../SAT2018/Xiao/Nb44T6.cnf,UNSAT,1098.906
../SAT2018/final/Collatz/full-ax-xa.rules.7-7.cnf,SAT,2324.820
../SAT2019/sr2019/old/dist6.c-sc2018.cnf,UNSAT,101.706
../SAT2019/sr2019/old/rpoc_xits_11_UNKNOWN-sc2009.cnf,-,5000.011
../SAT2018/final/Johnson/sted1_0x1e3-100.cnf,-,5000.007
../SAT2018/final/Collatz/cz-d-4-7-5.cnf,SAT,493.136
../SAT2018/Harder/ecarev-110-1031-23-40-7.cnf,SAT,307.698
../SAT2019/sr2019/new/Savicky/size_4_4_4_i4473_r8.cnf,UNSAT,287.647
../SAT2018/Liang/quadratic_loose_error.c.cnf,UNSAT,41.866
../SAT2019/sr2019/old/blocks-blocks-36-0.120-NOTKNOWN-sc2011.cnf,UNSAT,4336.815
../SAT2019/sr2019/old/snw_16_8_pre-sc2016.cnf,UNSAT,3964.536
../SAT2019/sr2019/old/li-exam-63.shuffled-as.sat03-368-sc2002.cnf,-,5000.025
../SAT2018/Liang/dist9.c.cnf,UNSAT,93.593
../SAT2018/Biere/sdiv25prop.cnf,-,5000.010
../SAT2018/Mayer-Eichberger/9-4-9.cnf,-,5000.030
../SAT2019/sr2019/old/partial-10-11-u-sc2007.cnf,-,5000.007
../SAT2018/Mayer-Eichberger/6-5-6.cnf,-,5000.019
../SAT2018/Devriendt/le450_25c.col.25.cnf,-,5000.029
../SAT2018/Mayer-Eichberger/6-3-8.cnf,SAT,603.081
../SAT2019/sr2019/old/58bits_13.dimacs-sr2015.cnf,-,5000.059
../SAT2018/Scheel/cms-scheel-md4-families-r24-c5-p0-7-10-15-19.cnf,SAT,6.892
../SAT2019/sr2019/old/62bits_14.dimacs-sr2015.cnf,-,5000.005
../SAT2019/sr2019/old/rbcl_xits_11_UNKNOWN-sc2009.cnf,-,5000.009
../SAT2018/final/Zhou/lei450-05b-05.cnf,SAT,8.857
../SAT2019/sr2019/old/cms-scheel-md5-families-r24-c8-p0-3-5-6-14-16-18-19-sc2018.cnf,SAT,1844.821
../SAT2018/Heusser/satcoin-genesis-SAT-4.cnf,SAT,5.252
../SAT2018/final/Zhou/queen8-8-9.cnf,SAT,0.587
../SAT2019/sr2019/old/custmulsb2x32o-sc2016.cnf,-,5000.026
../SAT2019/sr2019/new/Zaikin/Mickey_out250_known_last146_0_u.cnf,UNSAT,1178.796
../SAT2019/sr2019/old/newton.2.3.i.smt2-cvc4-sc2016.cnf,-,5000.027
../SAT2018/final/Johnson/sted5_0x24204-60.cnf,-,5000.011
../SAT2018/Ehlers/ex045_7.cnf,SAT,702.742
../SAT2018/Biere/sdiv30prop.cnf,-,5000.015
../SAT2018/Ehlers/ex145_10.cnf,-,5000.485
../SAT2018/Chowdhury/gto_p60c295.cnf,-,5000.017
../SAT2019/sr2019/new/Zaikin/ASG_96_len112_known_last13_2_u.cnf,UNSAT,648.181
../SAT2018/Jingchao/a_rphp035_05.cnf,UNSAT,2318.758
../SAT2019/sr2019/old/6s20-sc2013.cnf,UNSAT,755.325
../SAT2019/sr2019/old/stable-400-0.1-4-9876543214004-sc2014.cnf,SAT,4850.746
../SAT2018/final/CRIL/T98.2.0.cnf,UNSAT,439.597
../SAT2019/sr2019/new/Zhou/Eternity-10-05_c18.cnf,SAT,19.542
../SAT2019/sr2019/new/Zhou/Eternity-10-06_c18.cnf,SAT,131.163
../SAT2018/Liang/dist5.c.cnf,UNSAT,82.434
../SAT2018/Scheel/cms-scheel-md4-families-r24-c5-p0-5-11-13-18.cnf,SAT,2211.686
../SAT2019/sr2019/old/sokoban-p16.sas.ex.21-sc2016.cnf,-,5000.057
../SAT2018/final/Soos/apn-sbox6-cut4-helpbox31.cnf,SAT,511.370
../SAT2019/sr2019/old/tseitingrid7x160_shuffled-sc2016.cnf,-,5000.014
../SAT2019/sr2019/old/custmulun16x16o-sc2016.cnf,-,5000.151
../SAT2018/final/Zhou/ramsey-32-4.cnf,SAT,1.533
../SAT2018/Scheel/cms-scheel-md4-families-r24-c6-p2-4-9-16-17-19.cnf,UNSAT,1.351
../SAT2019/sr2019/old/hwmcc15deep-oski15a10b10s-k22-sc2017.cnf,-,5000.015
../SAT2018/Zha/factoring54018521x562448657.cnf,-,5000.009
../SAT2019/sr2019/new/Biere/eqsparrc12bpdtlf12.cnf,-,5000.010
../SAT2019/sr2019/old/squ_ali_s10x10_c39_abix_SAT-sc2017.cnf,SAT,42.076
../SAT2018/Liang/dist8.c.cnf,UNSAT,86.032
../SAT2019/sr2019/old/LABS_n071_goal001-sc2013.cnf,UNSAT,3170.576
../SAT2018/Devriendt/le450_25b.col.25.cnf,-,5001.112
../SAT2018/Biere/udiv45prop.cnf,UNSAT,1824.776
../SAT2018/final/CRIL/T103.2.0.cnf,UNSAT,474.191
../SAT2019/sr2019/new/Zaikin/Grain_no_init_ver1_out200_known_last104_0_u.cnf,UNSAT,4858.072
../SAT2019/sr2019/new/Manthey/sv-comp19_prop-reachsafety.triangular-longer_false-unreach-call.i-witness.cnf,SAT,380.513
../SAT2019/sr2019/new/Bebel/toughsat_24bits_1.cnf,SAT,61.139
../SAT2019/sr2019/new/Chen/hcp_CP24_24.cnf,-,5000.017
../SAT2019/sr2019/old/safe-30-h29-unsat-sc2007.cnf,-,5000.055
../SAT2018/final/Collatz/5or7mod8.rules.7-7.cnf,-,5000.015
../SAT2018/Jingchao/a_rphp065_04.cnf,UNSAT,567.247
../SAT2018/Harder/ecarev-110-4099-22-30-2.cnf,SAT,593.364
../SAT2018/Jingchao/ae_rphp055_04.cnf,UNSAT,282.551
../SAT2018/Mayer-Eichberger/6-4-6.cnf,-,5000.021
../SAT2019/sr2019/new/Zhou/Bibd-sc-10-03-08_c18.cnf,SAT,4.335
../SAT2018/Ofer/exams_flat_0.04_2017_9.cnf,-,5000.024
../SAT2018/Manthey/Problem14_label48_true-unreach-call.c.cnf,UNSAT,195.913
../SAT2019/sr2019/old/gto_p60c238-sc2018.cnf,UNSAT,1360.218
../SAT2019/sr2019/new/Heule/MM-23-2-2-2-2-3.cnf,-,5000.035
../SAT2019/sr2019/new/Zhou/SocialGolfers-6-6-7-cp_c18.cnf,-,5000.017
../SAT2019/sr2019/new/Heule/MM-23-5-B.cnf,-,5000.169
../SAT2019/sr2019/new/Biere/eqbparrc14spwtcl14.cnf,-,5000.025
../SAT2019/sr2019/old/countbitssrl032-sc2009.cnf,UNSAT,76.424
../SAT2018/final/CRIL/T56.2.0.cnf,UNSAT,443.986
../SAT2018/Heusser/satcoin-genesis-SAT-8.cnf,SAT,11.471
../SAT2018/Scheel/cms-scheel-md4-families-r24-c6-p1-9-13-16-18-19.cnf,SAT,106.270
../SAT2018/Konan/TimetableCNFEncoding_9_UNKNOWN.cnf,-,5000.021
../SAT2019/sr2019/new/Biere/eqspwtcl14bpwtcl14.cnf,-,5000.011
../SAT2018/Devriendt/queen13_13.col.13.cnf,UNSAT,412.961
../SAT2018/Chen/20180326_095805836_p_cnf_320_1120.cnf,-,5000.133
../SAT2019/sr2019/new/Skladanivskyy/sha1r17m149ABCD.cnf,SAT,417.100
../SAT2018/Heule/CNP-5-800.cnf,SAT,495.689
../SAT2019/sr2019/old/sokoban-p20.sas.ex.17-sc2016.cnf,-,5000.053
../SAT2019/sr2019/old/sted1_0x0-380-sc2018.cnf,-,5000.018
../SAT2018/Xiao/Nb11T118.cnf,SAT,436.961
../SAT2018/Scheel/cms-scheel-md5-families-r24-c7-p1-3-6-10-11-14-15.cnf,UNSAT,5.077
../SAT2019/sr2019/old/li-test4-99.shuffled-as.sat03-377-sc2002.cnf,-,5000.031
../SAT2018/Biere/uniqinv47prop.cnf,UNSAT,2622.190
../SAT2019/sr2019/new/Bebel/toughsat_26bits_2.cnf,SAT,67.774
../SAT2019/sr2019/new/Zaikin/Mickey_out250_known_last147_0_u.cnf,UNSAT,521.641
../SAT2019/sr2019/old/ex145_11-sc2018.cnf,-,5000.043
../SAT2018/final/Soos/apn-sbox6-cut3-helpbox26.cnf,-,5000.022
../SAT2019/sr2019/new/Manthey/sv-comp19_prop-reachsafety.barrier_3t_true-unreach-call.i-witness.cnf,-,50.667
../SAT2019/sr2019/new/Chen/hcp_CP18_18.cnf,SAT,2724.518
../SAT2019/sr2019/old/sgen1-unsat-109-100-sc2009.cnf,-,5000.007
../SAT2019/sr2019/old/sokoban-p20.sas.ex.23-sc2016.cnf,-,5000.096
../SAT2019/sr2019/new/Biere/cruxmiter32seed4.cnf,-,5000.013
../SAT2019/sr2019/old/rbsat-v2400c266431g5-sc2009.cnf,-,5000.010
../SAT2018/Chen/20180322_164224543_p_cnf_320_1120.cnf,SAT,49.008
../SAT2019/sr2019/old/slp-synthesis-aes-top26-sc2011.cnf,SAT,111.157
../SAT2019/sr2019/new/Heule/MM-23-2-2-2-3-4.cnf,-,5000.027
../SAT2018/Xiao/Nb54T6.cnf,UNSAT,2240.192
../SAT2019/sr2019/old/edges-024-4-5613555-1-00-sc2014.cnf,-,5000.006
../SAT2019/sr2019/old/UCG-20-10p1-sc2009.cnf,SAT,586.257
../SAT2018/final/CRIL/T96.2.0.cnf,UNSAT,514.337
../SAT2019/sr2019/new/Savicky/size_5_5_5_i171_r12.cnf,SAT,3787.600
../SAT2019/sr2019/old/b04_s_unknown-sc2013.cnf,SAT,231.636
../SAT2018/Biere/udiv47prop.cnf,UNSAT,2979.793
../SAT2019/sr2019/old/vmpc_36.renamed-as.sat05-1922-sc2005.cnf,-,5000.009
../SAT2018/Manthey/sqrt_Householder_pseudoconstant_true-unreach-call.c.cnf,-,5000.076
../SAT2019/sr2019/old/Schur_160_5_d38-sc2016.cnf,-,5000.017
../SAT2019/sr2019/old/ps_5000_21250_3_0_0.8_0_1.55_2-sc2017.cnf,UNSAT,2745.969
../SAT2019/sr2019/old/rubikcube912-sc2017.cnf,-,5000.004
../SAT2019/sr2019/new/Bebel/toughsat_27bits_0.cnf,SAT,898.113
../SAT2019/sr2019/old/ex175_17-sc2018.cnf,-,5000.152
../SAT2018/Devriendt/queen14_14.col.14.cnf,UNSAT,3240.019
../SAT2018/Heule/CNP-5-100.cnf,SAT,165.223
../SAT2019/sr2019/old/jgiraldezlevy.2200.9086.08.40.149-sr2015.cnf,SAT,862.634
../SAT2019/sr2019/new/Manthey/sv-comp19_prop-reachsafety.25_stack_longest_false-unreach-call.i-witness.cnf,SAT,42.575
../SAT2018/Devriendt/le450_15b.col.15.cnf,-,5000.021
../SAT2019/sr2019/old/T103.2.1-sc2017.cnf,UNSAT,2010.867
../SAT2019/sr2019/new/Savicky/size_5_5_5_i235_r12.cnf,SAT,4570.755
../SAT2018/Chen/20180321_110707239_p_cnf_320_1120.cnf,-,5001.096
../SAT2018/Ehlers/ex177_13.cnf,-,5000.082
../SAT2019/sr2019/old/SGI_30_60_28_40_2-dir.shuffled-as.sat03-124-sc2002.cnf,-,5000.012
../SAT2019/sr2019/new/Zhou/Haystacks-ext-13_c18.cnf,-,5000.035
../SAT2019/sr2019/old/T169.1.0-sc2017.cnf,SAT,346.653
../SAT2019/sr2019/new/Biere/eqbpwtcl10spwtcl10.cnf,UNSAT,679.761
../SAT2018/Ofer/course_flat_0.12_2018_3.cnf,-,5000.036
../SAT2019/sr2019/old/partial-5-17-s-sc2007.cnf,SAT,1553.928
../SAT2018/Scheel/cms-scheel-md4-families-r24-c5-p1-8-9-16-19.cnf,UNSAT,1.324
../SAT2018/Mayer-Eichberger/7-4-7.cnf,-,5000.012
../SAT2018/Liang/dist7.c.cnf,UNSAT,93.923
../SAT2019/sr2019/old/gss-20-s100-sc2009.cnf,SAT,719.967
../SAT2019/sr2019/new/Chen/hcp_d24_24.cnf,-,5000.014
../SAT2019/sr2019/new/Manthey/sv-comp19_prop-reachsafety.newton_2_2_true-unreach-call_true-termination.i-witness.cnf,UNSAT,227.719
../SAT2019/sr2019/new/Zhou/Haystacks-ext-12_c18.cnf,UNSAT,461.366
../SAT2019/sr2019/new/Bebel/toughsat_24bits_2.cnf,SAT,79.050
../SAT2018/Manthey/avg_true-unreach-call.i.cnf,UNSAT,116.779
../SAT2019/sr2019/old/004-sc2013.cnf,SAT,312.594
../SAT2019/sr2019/old/crafted_n11_d6_c3_num24-sc2013.cnf,UNSAT,288.381
../SAT2019/sr2019/new/Zhou/knight_14.cnf,-,5000.014
../SAT2018/Chen/20180322_164241842_p_cnf_320_1120.cnf,SAT,289.312
../SAT2018/Manthey/newton_3_4_true-unreach-call.i.cnf,UNSAT,799.356
../SAT2019/sr2019/old/slp-synthesis-aes-bottom26-sc2011.cnf,-,5000.076
../SAT2018/final/Collatz/full-cy-caa.rules.7-7.cnf,SAT,139.378
../SAT2019/sr2019/old/hwb-n26-03-S540351185.sat05-490.reshuffled-07-sc2007.cnf,UNSAT,3675.920
../SAT2018/Chen/20180322_164223076_p_cnf_320_1120.cnf,-,5000.030
../SAT2018/Liang/commutativity3.c.cnf,-,5000.030
../SAT2018/final/CRIL/T77.2.0.cnf,UNSAT,351.814
../SAT2018/Biere/sdiv15prop.cnf,UNSAT,238.553
../SAT2019/sr2019/new/Chen/hcp_d12_12.cnf,SAT,4.658
../SAT2019/sr2019/old/smulo032-sc2012.cnf,UNSAT,200.891
../SAT2019/sr2019/old/6s166-sc2013.cnf,UNSAT,75.085
../SAT2019/sr2019/old/hwmcc15deep-6s516r-k18-sc2017.cnf,UNSAT,1495.129
../SAT2018/Harder/ecarev-110-1031-23-40-2.cnf,SAT,479.764
../SAT2018/final/Zhou/magicSquare-9_glb.cnf,SAT,557.293
../SAT2019/sr2019/new/Bebel/toughsat_29bits_0.cnf,-,5000.027
../SAT2019/sr2019/old/vmpc_31-sc2007.cnf,-,5000.008
../SAT2018/Mayer-Eichberger/10-4-10.cnf,-,5000.037
../SAT2019/sr2019/new/Zhou/Subisomorphism-g10-g27_c18.cnf,SAT,2587.042
../SAT2019/sr2019/old/b04_s_2_unknown_pre-sc2013.cnf,SAT,611.351
../SAT2018/Ofer/course0.12_2018_3_1.cnf,SAT,132.393
../SAT2018/Porkhunov/mchess_15.cnf,UNSAT,373.014
../SAT2019/sr2019/new/Zaikin/ASG_72_keystream76_2.cnf,SAT,853.997
../SAT2018/final/Zhou/frb35-17-5-mgd_ext.cnf,SAT,29.547
../SAT2018/Ofer/course0.2_2018_3_5.cnf,SAT,95.029
../SAT2019/sr2019/new/Zaikin/MASG_72_keystream76_0.cnf,SAT,3545.726
../SAT2019/sr2019/new/Biere/eqbpdtlf12bparrc12.cnf,UNSAT,694.417
../SAT2019/sr2019/old/11pipe_11_ooo-sc2011.cnf,UNSAT,2471.735
../SAT2018/Chowdhury/gto_p50c311.cnf,-,5000.012
../SAT2019/sr2019/old/sgen1-sat-180-100-sc2009.cnf,-,5000.004
../SAT2019/sr2019/new/Biere/eqsparcl10bpwtrc10.cnf,UNSAT,514.383
../SAT2019/sr2019/old/UTI-20-10p0-sc2009.cnf,UNSAT,707.050
../SAT2018/Porkhunov/mchess_19.cnf,-,5000.011
../SAT2019/sr2019/new/Heule/MM-23-2-2-2-4-A.cnf,-,5000.055
../SAT2019/sr2019/new/Skladanivskyy/sha1r17m67a_p.cnf,SAT,1205.627
../SAT2018/Liang/dist10.c.cnf,UNSAT,100.729
../SAT2019/sr2019/old/TimetableCNFEncoding_5_UNKNOWN-sc2018.cnf,-,5000.045
../SAT2019/sr2019/old/004-22-160-sc2014.cnf,-,5000.010
../SAT2018/Ehlers/ex095_8.cnf,-,5000.061
../SAT2019/sr2019/old/20180322_164224543_p_cnf_320_1120-sc2018.cnf,-,5000.033
../SAT2019/sr2019/new/Skladanivskyy/sha1r17m66a_p.cnf,SAT,608.144
../SAT2018/Liang/commutativity.c.cnf,-,5000.020
../SAT2019/sr2019/old/snw_16_8_nopre-sc2016.cnf,UNSAT,4112.139
../SAT2018/Manthey/filter_iir_true-unreach-call.c.cnf,UNSAT,2897.495
../SAT2019/sr2019/new/Biere/cruxmiter28seed8.cnf,UNSAT,551.844
../SAT2019/sr2019/new/Biere/eqsparrc14spctbk14.cnf,-,5000.006
../SAT2019/sr2019/old/289-unsat-21x14-sc2011.cnf,-,5000.023
../SAT2018/final/Johnson/sted1_0x1e3-300.cnf,-,5001.033
../SAT2018/Jingchao/ae_rphp095_04.cnf,UNSAT,4326.052
../SAT2019/sr2019/new/Zhou/Tal-08_c18.cnf,SAT,54.478
../SAT2018/Heule/CNP-5-600.cnf,SAT,35.142
../SAT2019/sr2019/new/Manthey/sv-comp19_prop-reachsafety.newton_2_8_false-unreach-call_true-termination.i-witness.cnf,SAT,52.882
../SAT2019/sr2019/old/squ_any_s09x07_c27_abio_UNS-sc2017.cnf,UNSAT,1079.594
../SAT2018/Zha/factoring39916801x54018521.cnf,SAT,16.570
../SAT2018/Liang/sqrt_ineq_3.c.cnf,SAT,112.560
../SAT2019/sr2019/new/Manthey/sv-comp19_prop-reachsafety.newton_2_6_false-unreach-call_true-termination.i-witness.cnf,SAT,622.162
../SAT2019/sr2019/old/mod4block_2vars_10gates_u2_autoenc-sc2009.cnf,SAT,173.359
../SAT2018/final/Soos/apn-sbox6-cut3-helpbox23.cnf,-,5000.094
../SAT2019/sr2019/new/Bebel/toughsat_22bits_0.cnf,SAT,62.160
../SAT2019/sr2019/new/Bebel/toughsat_23bits_2.cnf,SAT,52.235
../SAT2018/Jingchao/e_rphp055_04.cnf,UNSAT,216.838
../SAT2018/Chowdhury/gto_p60c233.cnf,UNSAT,184.003
../SAT2018/Biere/udiv35prop.cnf,UNSAT,120.624
../SAT2019/sr2019/old/UTI-20-5p0-sc2009.cnf,UNSAT,582.947
../SAT2019/sr2019/new/Skladanivskyy/sha1r17m75a_p.cnf,SAT,565.571
../SAT2018/Ehlers/ex065_25.cnf,SAT,594.395
../SAT2019/sr2019/new/Heule/MM-23-2-2-2-2-M.cnf,-,5000.025
../SAT2018/final/Soos/apn-sbox6-cut4-helpbox26.cnf,-,5000.016
../SAT2019/sr2019/old/001-80-12-sc2014.cnf,-,5000.036
../SAT2018/Jingchao/e_rphp065_05.cnf,-,5000.013
../SAT2018/final/Zhou/patat-08-comp-3.cnf,SAT,44.132
../SAT2019/sr2019/new/Bebel/toughsat_23bits_0.cnf,SAT,66.909
../SAT2018/Chen/20180321_140823961_p_cnf_320_1120.cnf,-,5000.030
../SAT2018/Chowdhury/gto_p60c241.cnf,UNSAT,217.826
../SAT2018/Jingchao/e_rphp035_05.cnf,UNSAT,1804.364
../SAT2018/Devriendt/queen15_15.col.15.cnf,-,5000.020
../SAT2019/sr2019/new/Chen/hcp_CP20_20.cnf,-,5000.051
../SAT2019/sr2019/old/rbsat-v2100c215164g4-sc2011.cnf,-,5000.015
../SAT2018/Scheel/cms-scheel-md4-families-r24-c4-p6-13-17-19.cnf,SAT,693.172
../SAT2019/sr2019/new/Heule/MM-23-3-3-M.cnf,-,5000.013
../SAT2019/sr2019/old/ndhf_xits_19_UNKNOWN-sc2011.cnf,SAT,83.766
../SAT2018/Porkhunov/mchess_18.cnf,-,5000.031
../SAT2019/sr2019/old/blockpuzzle_5x10_s3_free4-sc2017.cnf,UNSAT,2756.303
../SAT2018/Konan/TimetableCNFEncoding_20_UNKNOWN.cnf,SAT,73.175
../SAT2018/Ofer/course0.12_2018_3_3.cnf,-,5000.021
../SAT2018/Heule/CNP-5-1600.cnf,SAT,20.642
../SAT2018/Jingchao/a_rphp056_05.cnf,-,5000.021
../SAT2019/sr2019/new/Zaikin/ASG_96_len112_known_last12_2.cnf,SAT,219.563
../SAT2018/Harder/ecarev-110-4099-22-30-5.cnf,SAT,553.122
../SAT2018/final/Soos/apn-sbox6-cut5-helpbox23.cnf,-,5000.010
../SAT2018/final/Johnson/sted5_0x0-40.cnf,SAT,2.710
../SAT2018/Ehlers/ex179_11.cnf,SAT,135.219
../SAT2019/sr2019/old/9_50-sc2017.cnf,SAT,1326.492
../SAT2019/sr2019/new/Chen/hcp_d18_18.cnf,-,5000.023
../SAT2018/final/Collatz/mod8-bbd-zbd.rules.7-7.cnf,-,5000.017
../SAT2018/Heusser/satcoin-genesis-SAT-7.cnf,SAT,9.248
../SAT2019/sr2019/new/vonHolten/b1904P2-8x8c9h7UNSAT.cnf,-,5000.013
../SAT2019/sr2019/new/Bebel/toughsat_30bits_0.cnf,-,5000.021
../SAT2018/final/Johnson/sted5_0x1e3-40.cnf,-,5000.012
../SAT2019/sr2019/old/ae_rphp095_04-sc2018.cnf,-,5000.030
../SAT2019/sr2019/new/Savicky/size_5_5_5_i251_r12.cnf,-,5000.100
../SAT2019/sr2019/new/Biere/eqbpwtrc10spctbk10.cnf,UNSAT,439.629
../SAT2019/sr2019/new/Skladanivskyy/sha1r17m147ABCD_p.cnf,SAT,847.524
../SAT2019/sr2019/new/Zhou/Tal-07_c18.cnf,SAT,46.963
../SAT2019/sr2019/old/sokoban-p20.sas.ex.15-sc2016.cnf,-,5000.041
../SAT2019/sr2019/old/hwmcc10-timeframe-expansion-k45-pdtpmspalu-tseitin-sc2011.cnf,UNSAT,4382.975
../SAT2018/Ofer/course0.2_2018_3.cnf,SAT,696.854
../SAT2018/final/Zhou/si2-b03m-m400-03.cnf,SAT,17.828
../SAT2018/Biere/sdiv17prop.cnf,UNSAT,2991.355
../SAT2019/sr2019/new/Skladanivskyy/sha1r17m146ABCD.cnf,SAT,3145.210
../SAT2018/Manthey/pals_floodmax.5_overflow_false-unreach-call.ufo.UNBOUNDED.pals.c.cnf,-,5000.010
../SAT2018/Konan/TimetableCNFEncoding_4_UNKNOWN.cnf,-,5000.075
../SAT2018/Konan/TimetableCNFEncoding_10_UNKNOWN.cnf,-,5000.025
../SAT2019/sr2019/new/Bebel/toughsat_25bits_3.cnf,SAT,269.183
../SAT2019/sr2019/old/aes_24_4_keyfind_2-sc2013.cnf,SAT,704.940
../SAT2018/Heule/CNP-5-1100.cnf,SAT,8.999
../SAT2018/final/Johnson/sted1_0x24204-380.cnf,-,5000.037
../SAT2018/Chen/20180321_140826713_p_cnf_320_1120.cnf,-,5000.025
../SAT2018/Chen/20180321_140824282_p_cnf_320_1120.cnf,-,5000.002
../SAT2018/final/Johnson/sted1_0x0-330.cnf,SAT,389.613
../SAT2018/Ehlers/ex039_33.cnf,SAT,61.196
../SAT2018/Porkhunov/mchess_17.cnf,-,5000.006
../SAT2018/Xiao/Nb13T165.cnf,SAT,689.124
../SAT2019/sr2019/new/Zhou/GracefulGraph-K05-P02_c18.cnf,SAT,255.634
../SAT2018/final/Soos/apn-sbox6-cut4-helpbox28.cnf,-,5000.014
../SAT2019/sr2019/new/Skladanivskyy/sha1r17m147ABCD.cnf,SAT,2275.238
../SAT2019/sr2019/old/002-sc2013.cnf,-,5000.089
../SAT2019/sr2019/new/Bebel/toughsat_26bits_3.cnf,SAT,98.911
../SAT2019/sr2019/new/vonHolten/b1904P1-8x8c6h5SAT.cnf,-,5000.013
../SAT2018/Heule/CNP-5-200.cnf,SAT,40.120
../SAT2019/sr2019/new/Manthey/sv-comp19_prop-reachsafety.queue_longer_false-unreach-call.i-witness.cnf,-,85.506
../SAT2018/Zha/factoring29986577x29986577.cnf,SAT,101.856
../SAT2019/sr2019/old/26_stack_cas_longest_true-unreach-call.i-cbmc-u2-sc2016.cnf,-,85.281
../SAT2018/final/Soos/apn-sbox6-cut4-helpbox30.cnf,SAT,797.721
../SAT2018/Scheel/cms-scheel-md4-families-r24-c8-p2-3-4-5-7-12-16-19.cnf,SAT,32.180
../SAT2018/Chowdhury/gto_p50c291.cnf,-,5000.038
../SAT2018/final/Soos/apn-sbox6-cut3-helpbox28.cnf,-,5000.014
../SAT2019/sr2019/old/IBM_FV_20002_31_1_rule_1_SAT_dat.k95-sc2007.cnf,-,5000.072
../SAT2018/final/Soos/apn-sbox6-cut4-helpbox29.cnf,SAT,480.252
../SAT2018/Mayer-Eichberger/6-4-7.cnf,-,5000.006
../SAT2019/sr2019/new/Biere/eqbpdtlf18sparcl18.cnf,-,5000.006
../SAT2019/sr2019/old/rbsat-v945c61409gyes9-sc2009.cnf,SAT,624.707
../SAT2018/Scheel/cms-scheel-md5-families-r24-c4-p1-3-4-16.cnf,SAT,144.705
../SAT2018/Heusser/satcoin-genesis-SAT-2048.cnf,SAT,169.613
../SAT2018/Xiao/Nb27T6.cnf,UNSAT,316.200
../SAT2018/Ofer/courses_flat_0.16_2017_9.cnf,SAT,437.833
../SAT2018/Chowdhury/gto_p60c231.cnf,UNSAT,86.705
../SAT2019/sr2019/new/Skladanivskyy/sha1r17m67a.cnf,SAT,935.305
../SAT2018/Jingchao/e_rphp065_04.cnf,UNSAT,484.893
../SAT2018/Devriendt/school1_nsh.col.14.cnf,-,5000.031
../SAT2018/Xiao/Nb8T61.cnf,SAT,159.602
../SAT2019/sr2019/old/MD5-29-5-sc2014.cnf,-,5000.019
../SAT2019/sr2019/new/Chen/hcp_d14_14.cnf,-,5000.016
../SAT2018/final/Collatz/C3-2-31.cnf,SAT,42.872
../SAT2019/sr2019/new/Manthey/sv-comp19_prop-reachsafety.newton_2_3_true-unreach-call_true-termination.i-witness.cnf,UNSAT,391.191
../SAT2019/sr2019/old/9pipe_k-sc2012.cnf,UNSAT,156.127
../SAT2019/sr2019/new/Biere/eqspctbk14spwtcl14.cnf,-,5000.011
../SAT2019/sr2019/old/countbitsrotate032-sc2009.cnf,-,5000.014
../SAT2018/Mayer-Eichberger/8-4-9.cnf,-,5000.037
../SAT2018/Heule/CNP-5-1500.cnf,SAT,93.430
../SAT2018/Chowdhury/gto_p60c243.cnf,UNSAT,557.683
../SAT2019/sr2019/old/rpoc_xits_12_UNKNOWN-sc2009.cnf,-,5000.052
../SAT2018/Heule/CNP-5-1300.cnf,SAT,413.366
../SAT2018/Ofer/course_flat_0.2_2018_3.cnf,SAT,242.715
../SAT2018/Xiao/Nb45T6.cnf,UNSAT,1370.320
../SAT2018/Xiao/Nb8T63.cnf,SAT,149.671
../SAT2018/final/Zhou/ramsey-30-4.cnf,SAT,1.136
../SAT2018/final/Soos/apn-sbox6-cut5-helpbox28.cnf,SAT,3746.960
../SAT2019/sr2019/old/vmpc_34.shuffled-as.sat05-1958-sc2005.cnf,-,5000.012
../SAT2019/sr2019/old/LABS_n089_goal008-sc2013.cnf,SAT,2335.213
../SAT2018/final/CRIL/T92.2.0.cnf,UNSAT,517.888
../SAT2018/final/Collatz/cannonball-opt-y.rules.4-10.cnf,-,5000.008
../SAT2019/sr2019/old/countbitswegner128-sc2011.cnf,UNSAT,1574.446
../SAT2018/Konan/TimetableCNFEncoding_17_UNKNOWN.cnf,-,5000.067
../SAT2018/Ehlers/ex051_9.cnf,-,5000.009
../SAT2019/sr2019/new/Manthey/sv-comp19_prop-reachsafety.newton_3_6_false-unreach-call_true-termination.i-witness.cnf,SAT,1000.405
../SAT2019/sr2019/new/Skladanivskyy/sha1r17m146ABCD_p.cnf,SAT,617.808
../SAT2018/Harder/ecarev-110-4099-22-30-7.cnf,SAT,571.867
../SAT2019/sr2019/new/Savicky/size_5_5_5_i272_r12.cnf,SAT,3049.777
../SAT2018/Ofer/course_flat_0.16_2018_3.cnf,SAT,2298.637
../SAT2019/sr2019/new/Manthey/sv-comp19_prop-reachsafety.newton_3_7_false-unreach-call_true-termination.i-witness.cnf,SAT,707.205
../SAT2019/sr2019/old/course0.2_2018_3-sc2018.cnf,SAT,1026.639
../SAT2019/sr2019/new/Heule/MM-23-3-3-N.cnf,-,5000.054
../SAT2018/final/Collatz/cz-alt-3-7.cnf,UNSAT,4617.835
../SAT2018/Chowdhury/gto_p60c239.cnf,UNSAT,287.867
../SAT2018/Xiao/Nb29T6.cnf,UNSAT,402.523
../SAT2018/Ehlers/ex025_19.cnf,-,5000.013
../SAT2019/sr2019/old/dp12u11.used-as.sat04-358-sc2004.cnf,UNSAT,113.837
../SAT2018/Jingchao/ae_rphp035_05.cnf,UNSAT,1960.564
../SAT2018/Heule/CNP-5-1700.cnf,SAT,35.517
../SAT2018/final/Johnson/sted1_0x24204-330.cnf,SAT,473.582
../SAT2018/Devriendt/queen8_12.col.12.cnf,UNSAT,21.847
../SAT2019/sr2019/new/Heule/MM-23-2-4-B.cnf,-,5000.043
../SAT2018/Chowdhury/gto_p60c231_1.cnf,UNSAT,98.724
../SAT2018/final/Collatz/less-cy-caa.rules.6-4.cnf,SAT,367.141
../SAT2019/sr2019/old/mod2c-3cage-unsat-10-2.sat05-2567.reshuffled-07-sc2007.cnf,UNSAT,3420.465
../SAT2018/Harder/ecarev-110-1031-23-40-6.cnf,SAT,1095.931
../SAT2018/Zha/factoring94418953x321534781.cnf,SAT,891.628
../SAT2019/sr2019/new/Savicky/size_5_5_5_i116_r12.cnf,SAT,874.772
../SAT2019/sr2019/new/Skladanivskyy/sha1r17m72a_p.cnf,SAT,284.407
../SAT2018/Biere/sdiv16prop.cnf,UNSAT,929.955
../SAT2019/sr2019/old/MUS-v310-4-sc2013.cnf,UNSAT,2541.193
../SAT2019/sr2019/old/rphp5_100_shuffled-sc2016.cnf,-,5000.012
../SAT2019/sr2019/old/sokoban-p20.sas.cr.35-sc2016.cnf,-,5000.031
../SAT2019/sr2019/old/frb59-26-1.used-as.sat04-891-sc2011.cnf,-,5000.015
../SAT2019/sr2019/old/006-23-96-sc2014.cnf,-,5000.027
../SAT2019/sr2019/new/Manthey/sv-comp19_prop-reachsafety.race-4_2-thread_local_vars_false-unreach-call.i-witness.cnf,SAT,95.737
../SAT2018/Xiao/Nb14T194.cnf,-,5000.124
../SAT2018/Biere/udiv40prop.cnf,UNSAT,403.753
../SAT2019/sr2019/old/gensys-icl005.shuffled-as.sat05-3826-sc2011.cnf,UNSAT,566.609
../SAT2018/Ofer/exam_flat_0.04_2018_3.cnf,SAT,1269.060
../SAT2018/Heusser/satcoin-genesis-SAT-5.cnf,SAT,6.066
../SAT2019/sr2019/old/k_unsat-sc2013.cnf,-,5000.012
../SAT2019/sr2019/old/vmpc_30-sc2007.cnf,SAT,63.564
../SAT2018/Konan/TimetableCNFEncoding_6_UNKNOWN.cnf,-,5000.033
../SAT2018/final/Zhou/bibd-16-80-15-3-2_glb.cnf,SAT,13.589
../SAT2019/sr2019/new/Heule/MM-23-2-2-3-B.cnf,-,5000.019
../SAT2019/sr2019/old/SGI_30_60_24_40_2-dir.shuffled-as.sat03-118-sc2002.cnf,UNSAT,2021.012
../SAT2019/sr2019/old/LABS_n087_goal008-sc2013.cnf,SAT,852.291
../SAT2018/final/CRIL/T107.2.0.cnf,UNSAT,480.109
../SAT2018/final/Collatz/1mod8.rules.7-7.cnf,-,5000.024
../SAT2018/Manthey/Problem11_label29_false-unreach-call.c.cnf,SAT,227.385
../SAT2019/sr2019/new/Zhou/knight_16.cnf,-,5000.039
../SAT2019/sr2019/new/Heule/MM-23-2-2-2-2-C.cnf,-,5000.235
../SAT2019/sr2019/new/Zhou/Pb-chnl15-16_c18.cnf,-,5000.011
../SAT2018/Ofer/course_flat_0.12_2018_3_3.cnf,SAT,1538.355
../SAT2018/final/Johnson/sted1_0x24204-350.cnf,-,5000.047
../SAT2019/sr2019/new/Heule/MM-23-3-3-B.cnf,-,5000.029
../SAT2019/sr2019/new/Biere/eq2csparrc162cbpwtcl16.cnf,-,5000.015
../SAT2018/final/Soos/apn-sbox5-cut5-symmbreak.cnf,-,5000.024
../SAT2019/sr2019/new/Skladanivskyy/sha1r17m63a_p.cnf,SAT,418.440
../SAT2019/sr2019/new/Zhou/CarSequencing-90-02_c18.cnf,SAT,32.888
../SAT2018/Manthey/pals_lcr-var-start-time.5_true-unreach-call.ufo.UNBOUNDED.pals.c.cnf,UNSAT,46.336
../SAT2018/final/Collatz/ad-A-3-7-17.cnf,-,5000.056
../SAT2018/Jingchao/e_rphp096_04.cnf,UNSAT,3835.170
../SAT2018/Liang/quadratic_tight_error.c.cnf,UNSAT,506.892
../SAT2018/final/Collatz/by-X-2-7-100.cnf,UNSAT,1264.685
../SAT2019/sr2019/new/Savicky/size_5_5_5_i044_r12.cnf,SAT,2613.746
../SAT2019/sr2019/old/aes_24_4_keyfind_5-sc2014.cnf,-,5000.010
../SAT2018/Zha/prime_119218851371.cnf,UNSAT,73.235
../SAT2018/Chowdhury/gto_p60c235.cnf,UNSAT,561.041
../SAT2019/sr2019/new/Zhou/SocialGolfers-6-6-6-cp_c18.cnf,-,5000.020
../SAT2018/Ehlers/ex175_18.cnf,SAT,3079.974
../SAT2018/Konan/TimetableCNFEncoding_3_UNKNOWN.cnf,-,5000.096
../SAT2019/sr2019/new/Biere/eqbpdtlf14spctbk14.cnf,-,5000.017
../SAT2018/Xiao/Nb52T6.cnf,UNSAT,2770.903
../SAT2019/sr2019/new/Zhou/Pb-chnl20-21_c18.cnf,-,5000.017
../SAT2019/sr2019/old/002-80-8-sc2014.cnf,SAT,423.384
../SAT2019/sr2019/new/Chen/hcp_CP22_22.cnf,-,5000.016
../SAT2018/Jingchao/a_rphp085_04.cnf,UNSAT,2651.591
../SAT2018/Zha/Karatsuba4477457x5308417.cnf,SAT,68.789
../SAT2019/sr2019/new/vonHolten/b1904P3-8x8c11h7UNSAT.cnf,UNSAT,804.871
../SAT2018/Chowdhury/gto_p50c314.cnf,-,5000.009
../SAT2018/Chowdhury/gto_p50c345_1.cnf,-,5000.008
../SAT2018/Konan/TimetableCNFEncoding_1_UNKNOWN.cnf,-,5000.031
../SAT2018/Scheel/cms-scheel-md4-families-r24-c4-p4-9-13-18.cnf,SAT,2617.650
../SAT2018/final/CRIL/T122.2.0.cnf,UNSAT,480.324
../SAT2018/Heusser/satcoin-genesis-SAT-10.cnf,SAT,4.363
../SAT2019/sr2019/old/total-10-15-u-sc2007.cnf,-,5000.023
../SAT2018/Heule/CNP-5-400.cnf,SAT,590.865
../SAT2018/Heusser/satcoin-genesis-SAT-16.cnf,SAT,19.784
../SAT2019/sr2019/new/Zhou/QuasiGroup-4-12_c18.cnf,SAT,37.188
../SAT2018/final/CRIL/T125.2.0.cnf,UNSAT,400.934
../SAT2019/sr2019/new/Biere/cruxmiter29seed4.cnf,UNSAT,1519.552
../SAT2018/final/Zhou/ortholatin-7.cnf,SAT,82.276
../SAT2019/sr2019/new/Chen/hcp_d16_16.cnf,-,5000.019
../SAT2018/Chen/20180326_095804286_p_cnf_320_1120.cnf,-,5000.024
../SAT2019/sr2019/old/ACG-20-10p1-sc2009.cnf,SAT,1222.269
../SAT2018/Chen/20180322_164241329_p_cnf_320_1120.cnf,SAT,1404.287
../SAT2019/sr2019/new/Biere/eqspdtlf14bpwtrc14.cnf,-,5000.009
../SAT2019/sr2019/old/test_v7_r12_vr10_c1_s18160.smt2-stp212-sc2016.cnf,-,5000.077
../SAT2018/Konan/TimetableCNFEncoding_2_UNKNOWN.cnf,-,5000.059
../SAT2018/final/Zhou/si2-b03m-m800-03.cnf,SAT,26.008
../SAT2019/sr2019/new/Zaikin/Grain_no_init_ver1_out200_known_last104_0.cnf,SAT,34.815
../SAT2019/sr2019/new/Biere/eqbpdtlf14bpwtcl14.cnf,UNSAT,973.567
../SAT2019/sr2019/new/Bebel/toughsat_24bits_0.cnf,SAT,113.680
../SAT2018/Scheel/cms-scheel-md4-families-r24-c5-p1-8-13-18-19.cnf,SAT,774.200
../SAT2019/sr2019/old/6s139-sc2013.cnf,UNSAT,2586.901
../SAT2019/sr2019/old/ecarev-110-1031-23-40-8-sc2018.cnf,SAT,1251.234
../SAT2018/Heusser/satcoin-genesis-SAT-9.cnf,SAT,12.919
../SAT2019/sr2019/old/f6nidw-sc2012.cnf,UNSAT,13.281
../SAT2019/sr2019/old/UTI-20-10p1-sc2009.cnf,SAT,1008.211
../SAT2019/sr2019/new/Bebel/toughsat_25bits_1.cnf,SAT,375.476
../SAT2019/sr2019/old/sha2.shuffled-as.sat03-442-sc2002.cnf,-,5000.021
../SAT2019/sr2019/new/Savicky/size_4_4_4_i0566_r8.cnf,UNSAT,738.152
../SAT2019/sr2019/new/Zaikin/Grain_no_init_ver1_out200_known_last105_0_u.cnf,UNSAT,747.366
../SAT2018/Harder/ecarev-110-4099-22-30-4.cnf,SAT,733.917
../SAT2018/final/CRIL/T86.2.0.cnf,UNSAT,496.074
../SAT2019/sr2019/new/Chen/hcp_bij16_16.cnf,-,5000.084
../SAT2018/final/Johnson/sted1_0x0-420.cnf,-,5000.011
../SAT2019/sr2019/new/Savicky/size_4_4_4_i4096_r8.cnf,UNSAT,386.923
../SAT2019/sr2019/old/rbcl_xits_13_UNKNOWN-sc2009.cnf,-,5000.133
../SAT2019/sr2019/new/Skladanivskyy/sha1r17m148ABCD_p.cnf,SAT,2848.778
../SAT2019/sr2019/new/Heule/MM-23-4-4-4-4-1.cnf,-,5000.013
../SAT2019/sr2019/new/Bebel/toughsat_26bits_1.cnf,SAT,357.145
../SAT2018/Porkhunov/Cake_9_19.cnf,-,5000.006
../SAT2019/sr2019/old/satcoin-genesis-SAT-10-sc2018.cnf,SAT,15.519
../SAT2019/sr2019/new/Zhou/QuasiGroup-4-10_c18.cnf,-,5000.015
../SAT2019/sr2019/new/Heule/MM-23-no-type3.cnf,-,5000.046
../SAT2019/sr2019/old/partial-10-11-s-sc2007.cnf,SAT,145.061
../SAT2019/sr2019/old/ndhf_xits_16_UNKNOWN-sc2009.cnf,-,5000.010
../SAT2019/sr2019/new/Chen/hcp_CP14_14.cnf,-,5000.014
../SAT2019/sr2019/new/Savicky/size_4_4_4_i3499_r8.cnf,UNSAT,730.566
../SAT2018/Heusser/satcoin-genesis-SAT-3.cnf,SAT,4.632
../SAT2018/Porkhunov/mchess_20.cnf,-,5000.005
../SAT2018/Manthey/Problem14_label14_false-unreach-call.c.cnf,SAT,121.329
../SAT2018/Ehlers/ex187_10.cnf,SAT,373.391
../SAT2019/sr2019/old/ctl_4291_567_2_unsat-sc2013.cnf,UNSAT,2514.277
../SAT2019/sr2019/new/Zhou/GracefulGraph-K04-P04_c18.cnf,SAT,289.199
../SAT2018/Chowdhury/gto_p50c312.cnf,-,5000.185
../SAT2019/sr2019/new/Chen/hcp_r26_26.cnf,-,40.976
../SAT2019/sr2019/old/008-80-8-sc2014.cnf,SAT,4121.632
../SAT2018/Chowdhury/gto_p50c345.cnf,-,5000.025
../SAT2018/Zha/Karatsuba7654321x1234567.cnf,SAT,93.483
../SAT2018/Porkhunov/Cake_9_20.cnf,-,5000.058
../SAT2018/Chowdhury/gto_p60c343.cnf,-,5000.050
../SAT2019/sr2019/old/stone-width3chain-nmarkers-20_shuffled-sc2016.cnf,-,5000.098
../SAT2018/final/Soos/apn-sbox6-cut5-helpbox26.cnf,-,5000.155
../SAT2019/sr2019/old/6-4-6-sc2018.cnf,-,5000.499
../SAT2018/Biere/uniqinv45prop.cnf,UNSAT,2044.722
../SAT2018/Ofer/courses0.2_2017_9.cnf,SAT,212.783
../SAT2019/sr2019/new/Zhou/frb-40-19-1-mgd_c18.cnf,SAT,13.086
../SAT2019/sr2019/old/atco_enc2_opt2_05_9-sc2014.cnf,SAT,93.564
../SAT2019/sr2019/new/Biere/eqsparrc16spwtcl16.cnf,-,5000.009
../SAT2018/Chowdhury/gto_p50c307.cnf,-,5000.007
../SAT2018/Scheel/cms-scheel-md5-families-r24-c11-p1-4-6-9-10-11-13-15-17-18-19.cnf,SAT,15.098
../SAT2019/sr2019/old/apn-sbox6-cut4-helpbox31-sc2018.cnf,SAT,1521.308
../SAT2019/sr2019/old/snw_13_8_pre-sc2016.cnf,UNSAT,1452.851
../SAT2018/Ofer/courses_flat_0.12_2017_9.cnf,-,5000.038
../SAT2019/sr2019/old/partial-5-19-u-sc2007.cnf,-,5000.037
../SAT2019/sr2019/old/ex051_9-sc2018.cnf,-,5000.017
../SAT2019/sr2019/old/sokoban-p16.sas.ex.15-sc2016.cnf,UNSAT,1448.667
../SAT2018/Biere/uniqinv30prop.cnf,UNSAT,585.953
../SAT2019/sr2019/old/atco_enc1_opt1_04_32-sc2014.cnf,SAT,56.610
../SAT2019/sr2019/new/Manthey/sv-comp19_prop-reachsafety.sine_8_true-unreach-call_true-termination.i-witness.cnf,UNSAT,40.910
../SAT2018/Heule/CNP-5-1200.cnf,SAT,110.381
../SAT2018/Ofer/exam0.04_2018_3.cnf,SAT,1433.693
../SAT2018/final/Soos/apn-sbox6-cut3-helpbox30.cnf,SAT,1510.656
../SAT2019/sr2019/new/Biere/eqspctbk12bpwtrc12.cnf,-,5000.009
../SAT2018/final/CRIL/T82.2.0.cnf,UNSAT,411.976
../SAT2018/Jingchao/ae_rphp062_05.cnf,-,5000.013
../SAT2019/sr2019/old/MD5-29-4-sc2014.cnf,-,5000.014
../SAT2019/sr2019/new/Heule/MM-23-2-2-2-2-A.cnf,-,5000.031
../SAT2019/sr2019/new/Biere/eqbparrc12spctbk12.cnf,-,5000.010
../SAT2018/Mayer-Eichberger/8-4-8.cnf,-,5000.023
../SAT2019/sr2019/new/Skladanivskyy/sha1r17m148ABCD.cnf,SAT,817.611
../SAT2018/Chen/20180321_140827428_p_cnf_320_1120.cnf,-,5000.009
../SAT2019/sr2019/new/Heule/MM-23-5-A.cnf,-,5001.103
../SAT2018/Xiao/Nb51T6.cnf,UNSAT,2201.516
../SAT2018/Chen/20180321_110704973_p_cnf_320_1120.cnf,-,5000.007
../SAT2018/Xiao/Nb49T6.cnf,UNSAT,1642.494
../SAT2019/sr2019/new/vonHolten/b1904P3-8x8c11h0SAT.cnf,-,5000.013
../SAT2018/Heule/CNP-5-0.cnf,SAT,455.442
../SAT2019/sr2019/old/srhd-sgi-m62-q1504.5-n60-p30-s88600538-sc2011.cnf,-,5000.037
../SAT2018/Xiao/Nb39T6.cnf,UNSAT,835.812
../SAT2018/final/Johnson/sted1_0x0-350.cnf,-,5000.008
../SAT2018/final/Soos/apn-sbox5-cut3-symmbreak.cnf,-,5000.009
../SAT2019/sr2019/new/Savicky/size_5_5_5_i003_r12.cnf,-,5000.010
../SAT2019/sr2019/new/Manthey/sv-comp19_prop-reachsafety.square_5_true-unreach-call_true-termination.i-witness.cnf,UNSAT,229.481
../SAT2019/sr2019/old/ak128astepbg2msaig-sc2016.cnf,-,5000.024
../SAT2018/Porkhunov/Cake_8_16.cnf,-,5000.107
../SAT2018/Manthey/filter1_true-unreach-call.c.cnf,UNSAT,1242.979
../SAT2018/Jingchao/a_rphp098_04.cnf,UNSAT,4735.821
../SAT2019/sr2019/new/Zaikin/Trivium_no_init_out350_known_last142_1_u.cnf,UNSAT,3954.448
../SAT2019/sr2019/new/Savicky/size_5_5_5_i223_r12.cnf,SAT,2259.021
../SAT2019/sr2019/new/Chen/hcp_d20_20.cnf,-,5000.021
../SAT2019/sr2019/new/Zaikin/Mickey_out250_known_last147_0.cnf,SAT,402.495
../SAT2018/Zha/Karatsuba6972593x13466917.cnf,SAT,81.189
../SAT2018/Devriendt/school1.col.14.cnf,UNSAT,948.720
../SAT2019/sr2019/old/ex175_18-sc2018.cnf,SAT,1741.718
../SAT2019/sr2019/old/sokoban-p16.sas.ex.23-sc2016.cnf,-,5000.063
../SAT2018/Jingchao/a_rphp045_05.cnf,-,5000.010
../SAT2019/sr2019/new/Bebel/toughsat_23bits_1.cnf,SAT,80.563
../SAT2019/sr2019/new/Skladanivskyy/sha1r17m63a.cnf,SAT,610.410
../SAT2019/sr2019/old/QG7a-gensys-ukn002.sat05-3842.reshuffled-07-sc2007.cnf,UNSAT,736.371
../SAT2019/sr2019/new/Zhou/knight_18.cnf,-,5000.092
../SAT2018/Ehlers/ex009_10.cnf,SAT,404.330
../SAT2019/sr2019/new/Savicky/size_4_4_4_i4828_r8.cnf,UNSAT,731.664
../SAT2019/sr2019/old/ak128modasbg2asisc-sc2016.cnf,-,5000.019
../SAT2018/Heule/CNP-5-300.cnf,SAT,157.900
