../SAT2019/sr2019/new/Bebel/toughsat_24bits_3.cnf,SAT,50.150
../SAT2018/Manthey/Problem14_label57_false-unreach-call.c.cnf,SAT,149.076
../SAT2018/Harder/ecarev-110-1031-23-40-8.cnf,SAT,297.370
../SAT2018/final/CRIL/T105.2.0.cnf,UNSAT,301.976
../SAT2019/sr2019/old/sokoban-p16.sas.ex.19-sc2016.cnf,-,5000.280
../SAT2018/Chen/20180321_140833987_p_cnf_320_1120.cnf,-,5000.016
../SAT2019/sr2019/new/Zhou/CarSequencing-90-01_c18.cnf,SAT,121.167
../SAT2019/sr2019/old/par32-1-c.shuffled-as.sat03-1531-sc2002.cnf,-,5000.023
../SAT2019/sr2019/new/Chen/hcp_d22_22.cnf,-,5000.083
../SAT2018/Biere/sdiv20prop.cnf,-,5000.019
../SAT2019/sr2019/old/mod2c-3cage-unsat-10-3.sat05-2568.reshuffled-07-sc2007.cnf,UNSAT,527.295
../SAT2019/sr2019/new/Zaikin/Grain_no_init_ver1_out200_known_last105_0.cnf,SAT,1291.913
../SAT2019/sr2019/old/mrpp_6x6#12_24-sc2013.cnf,SAT,43.459
../SAT2019/sr2019/old/20180326_095804936_p_cnf_320_1120-sc2018.cnf,-,5000.005
../SAT2018/final/Johnson/sted5_0x0-70.cnf,-,5000.027
../SAT2019/sr2019/old/hwb-n26-01-S1957858365.shuffled-as.sat03-1622-sc2002.cnf,UNSAT,522.336
../SAT2019/sr2019/old/rubikcube701-sc2017.cnf,UNSAT,405.618
../SAT2019/sr2019/old/slp-synthesis-aes-bottom18-sc2011.cnf,-,5000.023
../SAT2018/Heule/CNP-5-1000.cnf,SAT,263.978
../SAT2018/Ehlers/ex067_10.cnf,SAT,177.594
../SAT2018/Heusser/satcoin-genesis-SAT-32.cnf,SAT,16.778
../SAT2018/Heule/CNP-5-1800.cnf,SAT,136.025
../SAT2018/Jingchao/e_rphp056_05.cnf,-,5000.027
../SAT2018/final/Collatz/ax-d-4-7-5.cnf,-,5000.032
../SAT2019/sr2019/new/Biere/eqsparcl12bpwtrc12.cnf,-,5000.015
../SAT2019/sr2019/old/gus-md5-14-sc2009.cnf,-,5000.027
../SAT2018/Ehlers/ex015_14.cnf,-,5000.062
../SAT2019/sr2019/new/Skladanivskyy/sha1r17m145ABCD_p.cnf,SAT,3574.964
../SAT2019/sr2019/old/partial-5-11-u-sc2007.cnf,-,5000.034
../SAT2018/Heusser/satcoin-genesis-SAT-512.cnf,SAT,28.538
../SAT2018/Biere/sdiv40prop.cnf,-,5000.184
../SAT2019/sr2019/old/003-sc2013.cnf,SAT,1329.625
../SAT2018/final/Johnson/sted5_0x0-60.cnf,-,5000.032
../SAT2018/final/Zhou/si2-b06m-m1000-03.cnf,SAT,129.837
../SAT2019/sr2019/old/x2_128.shuffled-as.sat03-1598-sc2002.cnf,-,5000.011
../SAT2018/final/CRIL/T87.2.0.cnf,UNSAT,484.582
../SAT2018/Scheel/cms-scheel-md5-families-r24-c7-p1-5-6-12-16-18-19.cnf,SAT,2558.420
../SAT2019/sr2019/old/Nb7T44-sc2017.cnf,-,5000.042
../SAT2018/final/Collatz/mod8-abd-yad.rules.7-7.cnf,SAT,92.843
../SAT2018/Heule/CNP-5-700.cnf,SAT,2222.361
../SAT2019/sr2019/old/EDP3-70000-sc2014.cnf,-,5000.081
../SAT2019/sr2019/old/Schur_161_5_d22-sc2016.cnf,-,5000.288
../SAT2018/Heusser/satcoin-genesis-SAT-1024.cnf,SAT,31.461
../SAT2019/sr2019/new/Heule/MM-23-2-2-3-A.cnf,-,5000.039
../SAT2019/sr2019/new/Bebel/toughsat_28bits_0.cnf,SAT,1467.362
../SAT2018/Xiao/Nb37T6.cnf,UNSAT,891.086
../SAT2019/sr2019/new/Zhou/knight_20.cnf,SAT,2414.288
../SAT2019/sr2019/new/Biere/eqbpdtlf14spdtlf14.cnf,-,5000.015
../SAT2019/sr2019/old/ezfact64_8.shuffled-as.sat03-1524-sc2002.cnf,SAT,473.517
../SAT2019/sr2019/new/Skladanivskyy/sha1r17m145ABCD.cnf,SAT,2208.663
../SAT2018/Ehlers/ex177_12.cnf,-,5000.114
../SAT2019/sr2019/new/Savicky/size_4_4_4_i4295_r8.cnf,UNSAT,194.996
../SAT2018/Scheel/cms-scheel-md5-families-r24-c6-p1-4-6-13-14-18.cnf,SAT,2619.010
../SAT2019/sr2019/old/uniqinv47prop-sc2018.cnf,UNSAT,265.488
../SAT2019/sr2019/new/vonHolten/b1904P1-8x8c6h7SAT.cnf,-,5000.077
../SAT2018/Heule/CNP-5-500.cnf,SAT,1076.848
../SAT2019/sr2019/new/Zaikin/ASG_72_keystream76_1.cnf,SAT,1302.442
../SAT2018/Mayer-Eichberger/9-4-10.cnf,-,5000.047
../SAT2019/sr2019/old/QG7a-gensys-icl001.sat05-3822.reshuffled-07-sc2007.cnf,UNSAT,114.806
../SAT2019/sr2019/old/aes_32_3_keyfind_1-sc2011.cnf,SAT,1283.967
../SAT2018/Manthey/Problem14_label19_true-unreach-call.c.cnf,UNSAT,75.615
../SAT2019/sr2019/new/Zaikin/Trivium_no_init_out350_known_last143_1_u.cnf,UNSAT,798.928
../SAT2019/sr2019/old/ezfact64_6.shuffled-as.sat03-1522-sc2002.cnf,SAT,488.962
../SAT2019/sr2019/new/Skladanivskyy/sha1r17m75a.cnf,SAT,130.206
../SAT2018/Chowdhury/gto_p50c314_1.cnf,-,5000.021
../SAT2018/final/Johnson/sted5_0x1e3-20.cnf,-,5000.085
../SAT2018/final/Soos/apn-sbox6-cut3-helpbox31.cnf,SAT,826.555
../SAT2018/final/Zhou/bibd-8-70-35-4-15_glb.cnf,SAT,25.681
../SAT2018/final/CRIL/T84.2.0.cnf,UNSAT,345.290
../SAT2019/sr2019/new/Zhou/Mario-t-hard-2_c18.cnf,SAT,35.578
../SAT2018/Chen/20180322_164226661_p_cnf_320_1120.cnf,-,5000.013
../SAT2019/sr2019/new/Biere/eqbparrc18spwtrc18.cnf,-,5000.021
../SAT2019/sr2019/old/atco_enc1_opt2_20_12-sc2014.cnf,UNSAT,1631.823
../SAT2019/sr2019/new/Heule/MM-23-2-2-2-2-B.cnf,-,5000.048
../SAT2018/Jingchao/ae_rphp075_04.cnf,UNSAT,1497.770
../SAT2018/Scheel/cms-scheel-md4-families-r24-c5-p5-13-16-17-19.cnf,SAT,355.347
../SAT2019/sr2019/new/Chen/hcp_r20_20.cnf,SAT,27.671
../SAT2019/sr2019/old/aaai10-planning-ipc5-TPP-21-step11-sc2011.cnf,UNSAT,534.392
../SAT2019/sr2019/old/le450_15b.col.15-sc2018.cnf,-,5000.054
../SAT2018/Heusser/satcoin-genesis-SAT-256.cnf,SAT,40.351
../SAT2019/sr2019/new/Chen/hcp_CP26_26.cnf,-,5000.261
../SAT2018/Chen/20180322_164226378_p_cnf_320_1120.cnf,SAT,541.413
../SAT2018/final/Johnson/sted5_0x1e3-60.cnf,-,5000.034
../SAT2018/Manthey/pals_lcr.8_overflow_false-unreach-call.ufo.UNBOUNDED.pals.c.cnf,UNSAT,803.505
../SAT2018/final/Soos/apn-sbox6-cut5-helpbox29.cnf,SAT,1566.764
../SAT2018/final/Johnson/sted5_0x0-50.cnf,SAT,359.978
../SAT2018/Scheel/cms-scheel-md5-families-r24-c5-p6-11-15-16-19.cnf,UNSAT,6.578
../SAT2019/sr2019/new/Bebel/toughsat_22bits_1.cnf,SAT,49.996
../SAT2019/sr2019/new/Zaikin/Trivium_no_init_out350_known_last142_1.cnf,SAT,1381.257
../SAT2018/Chen/20180322_164245263_p_cnf_320_1120.cnf,-,5000.020
../SAT2019/sr2019/old/SAT_dat.k100-sc2012.cnf,UNSAT,277.252
../SAT2019/sr2019/old/mrpp_8x8#20_24-sc2014.cnf,SAT,268.845
../SAT2019/sr2019/new/Chen/hcp_CP16_16.cnf,SAT,660.683
../SAT2018/final/Soos/apn-sbox6-cut5-helpbox30.cnf,SAT,1924.857
../SAT2018/final/Collatz/full-by-za.rules.5-7.cnf,SAT,1951.937
../SAT2018/Heule/CNP-5-1400.cnf,SAT,1246.939
../SAT2018/Liang/assoc_mult_err_3.c.cnf,UNSAT,101.645
../SAT2018/Chen/20180326_095801070_p_cnf_320_1120.cnf,-,5000.008
../SAT2019/sr2019/new/Manthey/sv-comp19_prop-reachsafety.sigma_false-unreach-call.i-witness.cnf,SAT,222.188
../SAT2019/sr2019/new/Zaikin/ASG_96_len112_known_last13_2.cnf,SAT,487.628
../SAT2019/sr2019/old/LABS_n066_goal005-sc2013.cnf,-,5000.056
../SAT2018/Ehlers/ex145_11.cnf,-,5000.059
../SAT2019/sr2019/old/aaai10-planning-ipc5-pathways-17-step21-sc2011.cnf,SAT,1928.533
../SAT2018/Chen/20180326_095804936_p_cnf_320_1120.cnf,-,5000.012
../SAT2019/sr2019/new/Bebel/toughsat_23bits_3.cnf,SAT,204.495
../SAT2018/final/Collatz/cz-3-7-7.cnf,UNSAT,1561.109
../SAT2018/Liang/sqrt_ineq_2.c.cnf,SAT,68.639
../SAT2018/Biere/uniqinv20prop.cnf,UNSAT,35.370
../SAT2019/sr2019/old/UR-20-5p1-sc2009.cnf,SAT,356.171
../SAT2018/Mayer-Eichberger/10-3-13.cnf,SAT,3920.186
../SAT2018/Konan/TimetableCNFEncoding_16_UNKNOWN.cnf,-,5000.068
../SAT2019/sr2019/old/ctl_4291_567_2_unsat_pre-sc2013.cnf,UNSAT,1493.309
../SAT2019/sr2019/old/pb_300_10_lb_08-sc2014.cnf,UNSAT,116.346
../SAT2019/sr2019/old/blocks-blocks-37-1.130-NOTKNOWN-sc2011.cnf,UNSAT,1065.246
../SAT2019/sr2019/old/bob12s06-sc2013.cnf,UNSAT,941.188
../SAT2019/sr2019/new/Zaikin/ASG_96_len112_known_last12_2_u.cnf,SAT,489.176
../SAT2018/final/Johnson/sted5_0x24204-70.cnf,-,5000.052
../SAT2019/sr2019/old/slp-synthesis-aes-bottom22-sc2011.cnf,-,5000.056
../SAT2018/Mayer-Eichberger/8-4-10.cnf,-,5000.043
../SAT2018/Mayer-Eichberger/7-5-6.cnf,-,5000.041
../SAT2018/Jingchao/ae_rphp056_05.cnf,-,5000.132
../SAT2019/sr2019/new/Zaikin/Mickey_out250_known_last146_0.cnf,SAT,372.922
../SAT2018/Mayer-Eichberger/8-5-6.cnf,SAT,4854.768
../SAT2019/sr2019/old/007-sc2013.cnf,SAT,4038.266
../SAT2019/sr2019/old/SAT_dat.k85-sc2013.cnf,UNSAT,4110.881
../SAT2018/Chowdhury/gto_p60c238.cnf,UNSAT,242.322
../SAT2019/sr2019/old/minxorminand128-sc2009.cnf,UNSAT,688.443
../SAT2018/final/Soos/apn-sbox6-cut4-helpbox23.cnf,-,5000.101
../SAT2018/Chen/20180321_110706599_p_cnf_320_1120.cnf,-,5000.009
../SAT2018/final/CRIL/T62.2.0.cnf,UNSAT,613.386
../SAT2019/sr2019/new/Bebel/toughsat_26bits_0.cnf,SAT,149.484
../SAT2018/Liang/assoc2.c.cnf,-,5000.022
../SAT2019/sr2019/old/24.4-sc2017.cnf,-,5000.099
../SAT2019/sr2019/old/maxxor032-sc2011.cnf,UNSAT,48.953
../SAT2018/Manthey/Problem14_label20_true-unreach-call.c.cnf,UNSAT,103.694
../SAT2019/sr2019/old/slp-synthesis-aes-top21-sc2011.cnf,-,5000.056
../SAT2018/Manthey/terminator_03_true-unreach-call_true-termination.i.cnf,UNSAT,867.497
../SAT2019/sr2019/new/Savicky/size_4_4_4_i2704_r8.cnf,UNSAT,509.292
../SAT2018/Zha/factoring87654321x12345678.cnf,SAT,285.581
../SAT2019/sr2019/new/Manthey/sv-comp19_prop-reachsafety.fib_bench_longest_false-unreach-call.i-witness.cnf,SAT,424.715
../SAT2019/sr2019/new/Zaikin/MASG0_72_keystream76_0.cnf,SAT,2752.659
../SAT2019/sr2019/new/Skladanivskyy/sha1r17m72a.cnf,SAT,72.206
../SAT2019/sr2019/new/Heule/MM-23-2-2-2-4-B.cnf,-,5006.854
../SAT2018/final/CRIL/T129.2.0.cnf,UNSAT,493.480
../SAT2018/final/Collatz/by-alt-5-7.cnf,-,5000.031
../SAT2018/final/Zhou/bibd-19-57-9-3-1_glb.cnf,SAT,54.166
../SAT2018/Manthey/pals_lcr-var-start-time.6_true-unreach-call.ufo.UNBOUNDED.pals.c.cnf,UNSAT,553.763
../SAT2018/Devriendt/huck.col.11.cnf,UNSAT,77.625
../SAT2018/final/Johnson/sted1_0x0-380.cnf,-,5000.035
../SAT2019/sr2019/new/vonHolten/b1904P2-8x8c9h5SAT.cnf,-,5000.041
../SAT2019/sr2019/new/Biere/eqbpdtlf16spdtlf16.cnf,-,5000.016
../SAT2019/sr2019/new/Savicky/size_5_5_5_i218_r12.cnf,-,5000.056
../SAT2018/Ofer/courses0.12_2017_9.cnf,-,5000.048
../SAT2019/sr2019/old/sin.c.75.smt2-cvc4-sc2016.cnf,-,187.659
../SAT2018/Heusser/satcoin-genesis-SAT-128.cnf,SAT,28.927
../SAT2019/sr2019/old/aes_equiv_encry_3_rounds.debugged-sc2012.cnf,UNSAT,524.692
../SAT2018/Ehlers/ex175_20.cnf,SAT,474.001
../SAT2019/sr2019/old/gss-33-s100-sc2009.cnf,-,5000.025
../SAT2019/sr2019/old/connm-ue-csp-sat-n800-d0.02-s111845174.used-as.sat04-958-sc2011.cnf,UNSAT,2505.823
../SAT2019/sr2019/new/Savicky/size_5_5_5_i260_r12.cnf,SAT,662.000
../SAT2018/Manthey/Problem14_label55_true-unreach-call.c.cnf,UNSAT,129.270
../SAT2019/sr2019/old/total-10-15-s-sc2007.cnf,SAT,130.524
../SAT2019/sr2019/new/Manthey/sv-comp19_prop-reachsafety.26_stack_cas_longer_false-unreach-call.i-witness.cnf,SAT,435.679
../SAT2019/sr2019/old/004-80-8-sc2014.cnf,SAT,423.630
../SAT2018/Ofer/exams0.04_2017_9.cnf,-,5000.034
../SAT2018/Ofer/course_flat_0.12_2018_3_5.cnf,-,5000.050
../SAT2018/Biere/udiv46prop.cnf,-,5000.182
../SAT2019/sr2019/old/f10nidw-sc2012.cnf,UNSAT,1339.973
../SAT2018/Devriendt/le450_15a.col.15.cnf,-,5000.033
../SAT2019/sr2019/old/hitag2-8-60-0-0x880693399044612-25-SAT-sc2013.cnf,SAT,3973.264
../SAT2019/sr2019/new/vonHolten/b1904P3-8x8c11h7SAT.cnf,SAT,1344.010
../SAT2018/Biere/uniqinv25prop.cnf,UNSAT,69.188
../SAT2018/final/Zhou/frb35-17-5_ext.cnf,SAT,40.913
../SAT2019/sr2019/old/Nb51T6-sc2018.cnf,UNSAT,4113.620
../SAT2018/Manthey/Problem11_label51_false-unreach-call.c.cnf,SAT,684.649
../SAT2019/sr2019/new/Zhou/Subisomorphism-g10-g23_c18.cnf,UNSAT,1879.690
../SAT2019/sr2019/new/Heule/MM-23-2-2-2-2-D.cnf,-,5000.045
../SAT2018/Devriendt/le450_15c.col.15.cnf,-,5000.038
../SAT2019/sr2019/old/ablmulub16x4o-sc2016.cnf,UNSAT,433.257
../SAT2019/sr2019/old/mulhs016-sc2009.cnf,-,5000.019
../SAT2018/Ofer/course_flat_0.12_2018_3_1.cnf,SAT,1289.803
../SAT2018/final/Zhou/si2-r001-m200-00.cnf,SAT,995.678
../SAT2018/Biere/uniqinv40prop.cnf,UNSAT,152.593
../SAT2019/sr2019/old/9dlx_vliw_at_b_iq8-sc2007.cnf,UNSAT,3784.481
../SAT2018/Xiao/Nb13T166.cnf,-,5000.073
../SAT2019/sr2019/old/manthey_single-ordered-initialized-w50-b7-sr2015.cnf,UNSAT,978.522
../SAT2018/final/CRIL/T93.2.0.cnf,UNSAT,412.919
../SAT2018/Harder/ecarev-110-1031-23-40-3.cnf,UNSAT,65.884
../SAT2018/Konan/TimetableCNFEncoding_5_UNKNOWN.cnf,-,5000.034
../SAT2019/sr2019/old/6s133-sc2014.cnf,UNSAT,237.531
../SAT2018/Chowdhury/gto_p60c234.cnf,UNSAT,177.461
../SAT2019/sr2019/new/Biere/cruxmiter29seed9.cnf,UNSAT,1817.354
../SAT2019/sr2019/old/slp-synthesis-aes-bottom13-sc2011.cnf,UNSAT,211.947
../SAT2018/Liang/dist4.c.cnf,UNSAT,194.510
../SAT2018/Scheel/cms-scheel-md4-families-r24-c5-p1-5-10-12-18.cnf,UNSAT,269.012
../SAT2018/Devriendt/queen8_8.col.9.cnf,-,5000.015
../SAT2019/sr2019/old/manthey_DimacsSorter_37_3-sr2015.cnf,SAT,1229.941
../SAT2019/sr2019/new/Savicky/size_5_5_5_i198_r12.cnf,SAT,1298.035
../SAT2019/sr2019/old/IBM_FV_2004_rule_batch_2_31_2_SAT_dat.k45.debugged-sc2012.cnf,-,5000.049
../SAT2018/Liang/dist6.c.cnf,UNSAT,185.542
../SAT2018/final/Zhou/magicSquare-8_glb.cnf,SAT,83.999
../SAT2019/sr2019/new/Biere/eqbpwtrc10bpdtlf10.cnf,UNSAT,55.414
../SAT2018/final/Zhou/si2-m4Dr2-m256-08.cnf,SAT,830.750
../SAT2019/sr2019/new/Heule/MM-23-3-3-A.cnf,-,5000.041
../SAT2018/final/CRIL/T116.2.0.cnf,UNSAT,283.615
../SAT2019/sr2019/old/atco_enc3_opt2_10_12-sc2014.cnf,UNSAT,1949.556
../SAT2018/Heusser/satcoin-genesis-SAT-4096.cnf,SAT,32.115
../SAT2019/sr2019/new/Savicky/size_5_5_5_i063_r12.cnf,-,5000.031
../SAT2018/final/Zhou/si2-r001-m200-09.cnf,SAT,669.852
../SAT2018/Biere/udiv48prop.cnf,-,5000.034
../SAT2018/Ehlers/ex065_24.cnf,-,5000.040
../SAT2019/sr2019/new/Biere/eqspctbk14sparcl14.cnf,-,5000.023
../SAT2019/sr2019/old/6s169-opt-sc2014.cnf,UNSAT,199.370
../SAT2019/sr2019/old/unsat-set-a-fclqcolor-20-13-14.sat05-1278.reshuffled-07-sc2007.cnf,-,5000.276
../SAT2018/final/Collatz/bx-d-4-7-8.cnf,-,5000.070
../SAT2018/Harder/ecarev-110-1031-23-40-5.cnf,SAT,277.412
../SAT2019/sr2019/old/ctl_4291_567_5_unsat_pre-sc2014.cnf,-,5000.032
../SAT2019/sr2019/old/AProVE07-26-sc2007.cnf,-,5000.036
../SAT2018/Zha/prime_200560490131.cnf,UNSAT,136.038
../SAT2018/Konan/TimetableCNFEncoding_8_UNKNOWN.cnf,-,5000.287
../SAT2018/Heule/CNP-5-1900.cnf,SAT,30.232
../SAT2019/sr2019/old/ps_5000_21250_3_0_0.7_0_1.45_4-sc2017.cnf,-,5000.052
../SAT2019/sr2019/new/Bebel/toughsat_25bits_0.cnf,SAT,186.839
../SAT2019/sr2019/old/e_rphp035_05-sc2018.cnf,UNSAT,740.345
../SAT2018/Scheel/cms-scheel-md5-families-r24-c5-p2-7-8-15-19.cnf,SAT,825.938
../SAT2018/final/Collatz/less-cy-caa.rules.4-9.cnf,SAT,8.860
../SAT2019/sr2019/old/6s126-opt-sc2014.cnf,-,5000.082
../SAT2018/Porkhunov/mchess_16.cnf,UNSAT,1777.201
../SAT2018/Jingchao/a_rphp055_04.cnf,UNSAT,625.772
../SAT2018/final/Johnson/sted5_0x24204-50.cnf,SAT,128.131
../SAT2018/final/Soos/apn-sbox6-cut3-helpbox29.cnf,SAT,1355.591
../SAT2018/Ehlers/ex175_17.cnf,SAT,4946.915
../SAT2019/sr2019/old/b_unsat-sc2013.cnf,UNSAT,998.638
../SAT2018/Devriendt/queen12_12.col.12.cnf,UNSAT,1841.080
../SAT2018/Chen/20180322_164238439_p_cnf_320_1120.cnf,-,5000.024
../SAT2018/Heule/CNP-5-900.cnf,SAT,2060.183
../SAT2018/final/CRIL/T117.2.0.cnf,UNSAT,358.339
../SAT2019/sr2019/new/Skladanivskyy/sha1r17m66a.cnf,SAT,371.286
../SAT2019/sr2019/old/atco_enc1_opt2_10_16-sc2014.cnf,SAT,972.909
../SAT2019/sr2019/new/Bebel/toughsat_25bits_2.cnf,SAT,136.218
../SAT2019/sr2019/old/atco_enc2_opt2_10_21-sc2014.cnf,SAT,462.763
../SAT2018/Ofer/course0.12_2018_3_5.cnf,-,5000.039
../SAT2018/Ehlers/ex157_10.cnf,SAT,319.437
../SAT2018/Ofer/course0.16_2018_3_5.cnf,SAT,2318.673
../SAT2019/sr2019/new/Skladanivskyy/sha1r17m149ABCD_p.cnf,SAT,1164.587
../SAT2019/sr2019/new/Savicky/size_4_4_4_i0418_r8.cnf,UNSAT,591.916
../SAT2019/sr2019/new/Heule/MM-22.cnf,-,5000.076
../SAT2019/sr2019/new/Zaikin/Trivium_no_init_out350_known_last143_1.cnf,SAT,287.115
../SAT2018/Xiao/Nb42T6.cnf,UNSAT,1362.464
../SAT2018/final/Collatz/bx-d-4-7-6.cnf,-,5000.050
../SAT2019/sr2019/new/Biere/eqspwtrc16bparrc16.cnf,-,5000.237
../SAT2019/sr2019/old/c6288mul.miter.shuffled-as.sat03-346-sc2002.cnf,UNSAT,137.226
../SAT2018/Biere/uniqinv46prop.cnf,UNSAT,231.033
../SAT2018/final/Collatz/bz-X-4-7-6.cnf,-,5000.032
../SAT2018/Xiao/Nb8T60.cnf,-,5000.032
../SAT2018/Xiao/Nb8T62.cnf,-,5000.040
../SAT2018/Jingchao/ae_rphp045_05.cnf,UNSAT,2889.609
../SAT2018/final/CRIL/T90.2.0.cnf,UNSAT,450.457
../SAT2018/Scheel/cms-scheel-md4-families-r24-c6-p0-5-10-11-17-18.cnf,UNSAT,181.244
../SAT2019/sr2019/new/Heule/MM-23-2-4-A.cnf,-,5000.047
../SAT2018/Manthey/newton_3_6_false-unreach-call.i.cnf,SAT,42.487
../SAT2018/Harder/ecarev-110-1031-23-40-1.cnf,SAT,297.361
../SAT2018/Heusser/satcoin-genesis-SAT-8192.cnf,SAT,536.869
../SAT2018/Scheel/cms-scheel-md5-families-r24-c8-p0-3-5-6-14-16-18-19.cnf,SAT,694.650
../SAT2018/Devriendt/le450_25a.col.25.cnf,-,5000.262
../SAT2019/sr2019/old/ablmulub2x32o-sc2016.cnf,UNSAT,792.791
../SAT2019/sr2019/new/Manthey/sv-comp19_prop-reachsafety.newton_3_8_false-unreach-call_true-termination.i-witness.cnf,SAT,98.722
../SAT2019/sr2019/new/Manthey/sv-comp19_prop-reachsafety.newton_2_4_true-unreach-call_true-termination.i-witness.cnf,UNSAT,123.240
../SAT2019/sr2019/new/Zhou/Mario-t-hard-5_c18.cnf,SAT,33.360
../SAT2018/Heusser/satcoin-genesis-SAT-64.cnf,SAT,17.268
../SAT2018/final/Johnson/sted1_0x1e3-200.cnf,-,5002.201
../SAT2018/final/Soos/apn-sbox5-cut4-symmbreak.cnf,-,5000.086
../SAT2019/sr2019/old/smtlib-qfbv-aigs-countbits128-tseitin-sc2011.cnf,UNSAT,2312.564
../SAT2018/Xiao/Nb44T6.cnf,UNSAT,1711.643
../SAT2018/final/Collatz/full-ax-xa.rules.7-7.cnf,SAT,944.364
../SAT2019/sr2019/old/dist6.c-sc2018.cnf,UNSAT,195.988
../SAT2019/sr2019/old/rpoc_xits_11_UNKNOWN-sc2009.cnf,-,5000.023
../SAT2018/final/Johnson/sted1_0x1e3-100.cnf,-,5000.075
../SAT2018/final/Collatz/cz-d-4-7-5.cnf,-,5000.039
../SAT2018/Harder/ecarev-110-1031-23-40-7.cnf,SAT,195.394
../SAT2019/sr2019/new/Savicky/size_4_4_4_i4473_r8.cnf,UNSAT,353.861
../SAT2018/Liang/quadratic_loose_error.c.cnf,UNSAT,55.725
../SAT2019/sr2019/old/blocks-blocks-36-0.120-NOTKNOWN-sc2011.cnf,UNSAT,1332.941
../SAT2019/sr2019/old/snw_16_8_pre-sc2016.cnf,UNSAT,4142.707
../SAT2019/sr2019/old/li-exam-63.shuffled-as.sat03-368-sc2002.cnf,-,5000.046
../SAT2018/Liang/dist9.c.cnf,UNSAT,197.481
../SAT2018/Biere/sdiv25prop.cnf,-,5000.016
../SAT2018/Mayer-Eichberger/9-4-9.cnf,-,5000.050
../SAT2019/sr2019/old/partial-10-11-u-sc2007.cnf,-,5000.591
../SAT2018/Mayer-Eichberger/6-5-6.cnf,-,5000.028
../SAT2018/Devriendt/le450_25c.col.25.cnf,-,5000.128
../SAT2018/Mayer-Eichberger/6-3-8.cnf,SAT,338.375
../SAT2019/sr2019/old/58bits_13.dimacs-sr2015.cnf,-,5000.128
../SAT2018/Scheel/cms-scheel-md4-families-r24-c5-p0-7-10-15-19.cnf,SAT,13.425
../SAT2019/sr2019/old/62bits_14.dimacs-sr2015.cnf,-,5000.028
../SAT2019/sr2019/old/rbcl_xits_11_UNKNOWN-sc2009.cnf,-,5000.055
../SAT2018/final/Zhou/lei450-05b-05.cnf,SAT,4.294
../SAT2019/sr2019/old/cms-scheel-md5-families-r24-c8-p0-3-5-6-14-16-18-19-sc2018.cnf,SAT,1435.797
../SAT2018/Heusser/satcoin-genesis-SAT-4.cnf,SAT,2.554
../SAT2018/final/Zhou/queen8-8-9.cnf,SAT,2.423
../SAT2019/sr2019/old/custmulsb2x32o-sc2016.cnf,-,5000.027
../SAT2019/sr2019/new/Zaikin/Mickey_out250_known_last146_0_u.cnf,UNSAT,883.219
../SAT2019/sr2019/old/newton.2.3.i.smt2-cvc4-sc2016.cnf,UNSAT,1002.069
../SAT2018/final/Johnson/sted5_0x24204-60.cnf,-,5000.028
../SAT2018/Ehlers/ex045_7.cnf,SAT,1792.390
../SAT2018/Biere/sdiv30prop.cnf,-,5000.014
../SAT2018/Ehlers/ex145_10.cnf,-,5000.042
../SAT2018/Chowdhury/gto_p60c295.cnf,-,5000.022
../SAT2019/sr2019/new/Zaikin/ASG_96_len112_known_last13_2_u.cnf,UNSAT,798.559
../SAT2018/Jingchao/a_rphp035_05.cnf,UNSAT,1247.051
../SAT2019/sr2019/old/6s20-sc2013.cnf,UNSAT,682.433
../SAT2019/sr2019/old/stable-400-0.1-4-9876543214004-sc2014.cnf,SAT,444.158
../SAT2018/final/CRIL/T98.2.0.cnf,UNSAT,383.361
../SAT2019/sr2019/new/Zhou/Eternity-10-05_c18.cnf,SAT,38.001
../SAT2019/sr2019/new/Zhou/Eternity-10-06_c18.cnf,SAT,50.067
../SAT2018/Liang/dist5.c.cnf,UNSAT,174.587
../SAT2018/Scheel/cms-scheel-md4-families-r24-c5-p0-5-11-13-18.cnf,SAT,701.808
../SAT2019/sr2019/old/sokoban-p16.sas.ex.21-sc2016.cnf,-,5000.173
../SAT2018/final/Soos/apn-sbox6-cut4-helpbox31.cnf,SAT,1247.471
../SAT2019/sr2019/old/tseitingrid7x160_shuffled-sc2016.cnf,-,5000.045
../SAT2019/sr2019/old/custmulun16x16o-sc2016.cnf,-,5000.147
../SAT2018/final/Zhou/ramsey-32-4.cnf,SAT,16.654
../SAT2018/Scheel/cms-scheel-md4-families-r24-c6-p2-4-9-16-17-19.cnf,UNSAT,58.047
../SAT2019/sr2019/old/hwmcc15deep-oski15a10b10s-k22-sc2017.cnf,-,5000.040
../SAT2018/Zha/factoring54018521x562448657.cnf,-,5000.011
../SAT2019/sr2019/new/Biere/eqsparrc12bpdtlf12.cnf,-,5000.021
../SAT2019/sr2019/old/squ_ali_s10x10_c39_abix_SAT-sc2017.cnf,SAT,8.476
../SAT2018/Liang/dist8.c.cnf,UNSAT,203.182
../SAT2019/sr2019/old/LABS_n071_goal001-sc2013.cnf,UNSAT,4083.976
../SAT2018/Devriendt/le450_25b.col.25.cnf,-,5000.053
../SAT2018/Biere/udiv45prop.cnf,-,5000.194
../SAT2018/final/CRIL/T103.2.0.cnf,UNSAT,389.514
../SAT2019/sr2019/new/Zaikin/Grain_no_init_ver1_out200_known_last104_0_u.cnf,UNSAT,1312.749
../SAT2019/sr2019/new/Manthey/sv-comp19_prop-reachsafety.triangular-longer_false-unreach-call.i-witness.cnf,SAT,414.973
../SAT2019/sr2019/new/Bebel/toughsat_24bits_1.cnf,SAT,245.386
../SAT2019/sr2019/new/Chen/hcp_CP24_24.cnf,-,5000.058
../SAT2019/sr2019/old/safe-30-h29-unsat-sc2007.cnf,-,5000.037
../SAT2018/final/Collatz/5or7mod8.rules.7-7.cnf,-,5000.033
../SAT2018/Jingchao/a_rphp065_04.cnf,UNSAT,1724.235
../SAT2018/Harder/ecarev-110-4099-22-30-2.cnf,SAT,287.117
../SAT2018/Jingchao/ae_rphp055_04.cnf,UNSAT,205.093
../SAT2018/Mayer-Eichberger/6-4-6.cnf,-,5000.031
../SAT2019/sr2019/new/Zhou/Bibd-sc-10-03-08_c18.cnf,SAT,26.424
../SAT2018/Ofer/exams_flat_0.04_2017_9.cnf,-,5000.053
../SAT2018/Manthey/Problem14_label48_true-unreach-call.c.cnf,UNSAT,168.474
../SAT2019/sr2019/old/gto_p60c238-sc2018.cnf,UNSAT,266.818
../SAT2019/sr2019/new/Heule/MM-23-2-2-2-2-3.cnf,-,5000.178
../SAT2019/sr2019/new/Zhou/SocialGolfers-6-6-7-cp_c18.cnf,-,5000.042
../SAT2019/sr2019/new/Heule/MM-23-5-B.cnf,-,5000.040
../SAT2019/sr2019/new/Biere/eqbparrc14spwtcl14.cnf,-,5000.008
../SAT2019/sr2019/old/countbitssrl032-sc2009.cnf,UNSAT,162.782
../SAT2018/final/CRIL/T56.2.0.cnf,UNSAT,418.140
../SAT2018/Heusser/satcoin-genesis-SAT-8.cnf,SAT,15.169
../SAT2018/Scheel/cms-scheel-md4-families-r24-c6-p1-9-13-16-18-19.cnf,SAT,293.539
../SAT2018/Konan/TimetableCNFEncoding_9_UNKNOWN.cnf,-,5000.043
../SAT2019/sr2019/new/Biere/eqspwtcl14bpwtcl14.cnf,-,5000.023
../SAT2018/Devriendt/queen13_13.col.13.cnf,-,5000.037
../SAT2018/Chen/20180326_095805836_p_cnf_320_1120.cnf,-,5000.008
../SAT2019/sr2019/new/Skladanivskyy/sha1r17m149ABCD.cnf,SAT,790.835
../SAT2018/Heule/CNP-5-800.cnf,SAT,350.344
../SAT2019/sr2019/old/sokoban-p20.sas.ex.17-sc2016.cnf,-,5002.654
../SAT2019/sr2019/old/sted1_0x0-380-sc2018.cnf,-,5000.034
../SAT2018/Xiao/Nb11T118.cnf,-,5000.051
../SAT2018/Scheel/cms-scheel-md5-families-r24-c7-p1-3-6-10-11-14-15.cnf,UNSAT,207.752
../SAT2019/sr2019/old/li-test4-99.shuffled-as.sat03-377-sc2002.cnf,-,5000.047
../SAT2018/Biere/uniqinv47prop.cnf,UNSAT,232.142
../SAT2019/sr2019/new/Bebel/toughsat_26bits_2.cnf,SAT,1391.656
../SAT2019/sr2019/new/Zaikin/Mickey_out250_known_last147_0_u.cnf,UNSAT,601.187
../SAT2019/sr2019/old/ex145_11-sc2018.cnf,-,5000.061
../SAT2018/final/Soos/apn-sbox6-cut3-helpbox26.cnf,-,5000.032
../SAT2019/sr2019/new/Manthey/sv-comp19_prop-reachsafety.barrier_3t_true-unreach-call.i-witness.cnf,-,180.642
../SAT2019/sr2019/new/Chen/hcp_CP18_18.cnf,SAT,4558.110
../SAT2019/sr2019/old/sgen1-unsat-109-100-sc2009.cnf,-,5000.011
../SAT2019/sr2019/old/sokoban-p20.sas.ex.23-sc2016.cnf,-,5000.445
../SAT2019/sr2019/new/Biere/cruxmiter32seed4.cnf,UNSAT,4959.772
../SAT2019/sr2019/old/rbsat-v2400c266431g5-sc2009.cnf,-,5000.052
../SAT2018/Chen/20180322_164224543_p_cnf_320_1120.cnf,-,5000.023
../SAT2019/sr2019/old/slp-synthesis-aes-top26-sc2011.cnf,SAT,2631.747
../SAT2019/sr2019/new/Heule/MM-23-2-2-2-3-4.cnf,-,5000.062
../SAT2018/Xiao/Nb54T6.cnf,UNSAT,2168.984
../SAT2019/sr2019/old/edges-024-4-5613555-1-00-sc2014.cnf,UNSAT,2546.599
../SAT2019/sr2019/old/UCG-20-10p1-sc2009.cnf,SAT,839.569
../SAT2018/final/CRIL/T96.2.0.cnf,UNSAT,317.336
../SAT2019/sr2019/new/Savicky/size_5_5_5_i171_r12.cnf,-,5000.017
../SAT2019/sr2019/old/b04_s_unknown-sc2013.cnf,SAT,978.262
../SAT2018/Biere/udiv47prop.cnf,-,5000.021
../SAT2019/sr2019/old/vmpc_36.renamed-as.sat05-1922-sc2005.cnf,-,5000.035
../SAT2018/Manthey/sqrt_Householder_pseudoconstant_true-unreach-call.c.cnf,-,5000.084
../SAT2019/sr2019/old/Schur_160_5_d38-sc2016.cnf,SAT,1296.316
../SAT2019/sr2019/old/ps_5000_21250_3_0_0.8_0_1.55_2-sc2017.cnf,UNSAT,682.595
../SAT2019/sr2019/old/rubikcube912-sc2017.cnf,-,5000.105
../SAT2019/sr2019/new/Bebel/toughsat_27bits_0.cnf,SAT,2712.694
../SAT2019/sr2019/old/ex175_17-sc2018.cnf,-,5000.111
../SAT2018/Devriendt/queen14_14.col.14.cnf,-,5000.035
../SAT2018/Heule/CNP-5-100.cnf,SAT,356.466
../SAT2019/sr2019/old/jgiraldezlevy.2200.9086.08.40.149-sr2015.cnf,SAT,1512.762
../SAT2019/sr2019/new/Manthey/sv-comp19_prop-reachsafety.25_stack_longest_false-unreach-call.i-witness.cnf,SAT,1294.137
../SAT2018/Devriendt/le450_15b.col.15.cnf,-,5000.033
../SAT2019/sr2019/old/T103.2.1-sc2017.cnf,UNSAT,3049.309
../SAT2019/sr2019/new/Savicky/size_5_5_5_i235_r12.cnf,-,5000.022
../SAT2018/Chen/20180321_110707239_p_cnf_320_1120.cnf,-,5000.014
../SAT2018/Ehlers/ex177_13.cnf,-,5000.069
../SAT2019/sr2019/old/SGI_30_60_28_40_2-dir.shuffled-as.sat03-124-sc2002.cnf,-,5000.020
../SAT2019/sr2019/new/Zhou/Haystacks-ext-13_c18.cnf,-,5000.099
../SAT2019/sr2019/old/T169.1.0-sc2017.cnf,SAT,677.763
../SAT2019/sr2019/new/Biere/eqbpwtcl10spwtcl10.cnf,UNSAT,533.066
../SAT2018/Ofer/course_flat_0.12_2018_3.cnf,-,5000.686
../SAT2019/sr2019/old/partial-5-17-s-sc2007.cnf,SAT,210.050
../SAT2018/Scheel/cms-scheel-md4-families-r24-c5-p1-8-9-16-19.cnf,UNSAT,810.997
../SAT2018/Mayer-Eichberger/7-4-7.cnf,-,5000.042
../SAT2018/Liang/dist7.c.cnf,UNSAT,192.985
../SAT2019/sr2019/old/gss-20-s100-sc2009.cnf,SAT,624.582
../SAT2019/sr2019/new/Chen/hcp_d24_24.cnf,-,5000.088
../SAT2019/sr2019/new/Manthey/sv-comp19_prop-reachsafety.newton_2_2_true-unreach-call_true-termination.i-witness.cnf,UNSAT,111.464
../SAT2019/sr2019/new/Zhou/Haystacks-ext-12_c18.cnf,-,5000.033
../SAT2019/sr2019/new/Bebel/toughsat_24bits_2.cnf,SAT,222.719
../SAT2018/Manthey/avg_true-unreach-call.i.cnf,UNSAT,506.854
../SAT2019/sr2019/old/004-sc2013.cnf,SAT,288.795
../SAT2019/sr2019/old/crafted_n11_d6_c3_num24-sc2013.cnf,UNSAT,399.295
../SAT2019/sr2019/new/Zhou/knight_14.cnf,-,5000.017
../SAT2018/Chen/20180322_164241842_p_cnf_320_1120.cnf,-,5004.280
../SAT2018/Manthey/newton_3_4_true-unreach-call.i.cnf,UNSAT,236.367
../SAT2019/sr2019/old/slp-synthesis-aes-bottom26-sc2011.cnf,-,5000.035
../SAT2018/final/Collatz/full-cy-caa.rules.7-7.cnf,SAT,49.814
../SAT2019/sr2019/old/hwb-n26-03-S540351185.sat05-490.reshuffled-07-sc2007.cnf,UNSAT,840.590
../SAT2018/Chen/20180322_164223076_p_cnf_320_1120.cnf,-,5000.017
../SAT2018/Liang/commutativity3.c.cnf,-,5000.028
../SAT2018/final/CRIL/T77.2.0.cnf,UNSAT,504.951
../SAT2018/Biere/sdiv15prop.cnf,UNSAT,272.282
../SAT2019/sr2019/new/Chen/hcp_d12_12.cnf,-,5000.020
../SAT2019/sr2019/old/smulo032-sc2012.cnf,UNSAT,414.753
../SAT2019/sr2019/old/6s166-sc2013.cnf,UNSAT,34.053
../SAT2019/sr2019/old/hwmcc15deep-6s516r-k18-sc2017.cnf,UNSAT,3778.743
../SAT2018/Harder/ecarev-110-1031-23-40-2.cnf,SAT,262.801
../SAT2018/final/Zhou/magicSquare-9_glb.cnf,SAT,168.064
../SAT2019/sr2019/new/Bebel/toughsat_29bits_0.cnf,-,5000.026
../SAT2019/sr2019/old/vmpc_31-sc2007.cnf,SAT,174.265
../SAT2018/Mayer-Eichberger/10-4-10.cnf,-,5000.037
../SAT2019/sr2019/new/Zhou/Subisomorphism-g10-g27_c18.cnf,SAT,26.824
../SAT2019/sr2019/old/b04_s_2_unknown_pre-sc2013.cnf,-,5000.026
../SAT2018/Ofer/course0.12_2018_3_1.cnf,SAT,1937.144
../SAT2018/Porkhunov/mchess_15.cnf,UNSAT,99.267
../SAT2019/sr2019/new/Zaikin/ASG_72_keystream76_2.cnf,SAT,1084.902
../SAT2018/final/Zhou/frb35-17-5-mgd_ext.cnf,SAT,33.737
../SAT2018/Ofer/course0.2_2018_3_5.cnf,SAT,421.848
../SAT2019/sr2019/new/Zaikin/MASG_72_keystream76_0.cnf,-,5000.015
../SAT2019/sr2019/new/Biere/eqbpdtlf12bparrc12.cnf,UNSAT,221.539
../SAT2019/sr2019/old/11pipe_11_ooo-sc2011.cnf,-,5000.042
../SAT2018/Chowdhury/gto_p50c311.cnf,-,5000.012
../SAT2019/sr2019/old/sgen1-sat-180-100-sc2009.cnf,SAT,4573.284
../SAT2019/sr2019/new/Biere/eqsparcl10bpwtrc10.cnf,UNSAT,349.105
../SAT2019/sr2019/old/UTI-20-10p0-sc2009.cnf,UNSAT,362.965
../SAT2018/Porkhunov/mchess_19.cnf,-,5000.019
../SAT2019/sr2019/new/Heule/MM-23-2-2-2-4-A.cnf,-,5000.040
../SAT2019/sr2019/new/Skladanivskyy/sha1r17m67a_p.cnf,SAT,35.620
../SAT2018/Liang/dist10.c.cnf,UNSAT,209.904
../SAT2019/sr2019/old/TimetableCNFEncoding_5_UNKNOWN-sc2018.cnf,-,5000.050
../SAT2019/sr2019/old/004-22-160-sc2014.cnf,-,5000.045
../SAT2018/Ehlers/ex095_8.cnf,-,5000.067
../SAT2019/sr2019/old/20180322_164224543_p_cnf_320_1120-sc2018.cnf,-,5000.751
../SAT2019/sr2019/new/Skladanivskyy/sha1r17m66a_p.cnf,SAT,521.680
../SAT2018/Liang/commutativity.c.cnf,-,5000.018
../SAT2019/sr2019/old/snw_16_8_nopre-sc2016.cnf,UNSAT,3625.815
../SAT2018/Manthey/filter_iir_true-unreach-call.c.cnf,UNSAT,981.132
../SAT2019/sr2019/new/Biere/cruxmiter28seed8.cnf,UNSAT,448.330
../SAT2019/sr2019/new/Biere/eqsparrc14spctbk14.cnf,-,5000.066
../SAT2019/sr2019/old/289-unsat-21x14-sc2011.cnf,-,5000.059
../SAT2018/final/Johnson/sted1_0x1e3-300.cnf,-,5000.026
../SAT2018/Jingchao/ae_rphp095_04.cnf,-,5000.040
../SAT2019/sr2019/new/Zhou/Tal-08_c18.cnf,SAT,186.382
../SAT2018/Heule/CNP-5-600.cnf,SAT,1524.671
../SAT2019/sr2019/new/Manthey/sv-comp19_prop-reachsafety.newton_2_8_false-unreach-call_true-termination.i-witness.cnf,SAT,41.667
../SAT2019/sr2019/old/squ_any_s09x07_c27_abio_UNS-sc2017.cnf,UNSAT,409.872
../SAT2018/Zha/factoring39916801x54018521.cnf,SAT,177.398
../SAT2018/Liang/sqrt_ineq_3.c.cnf,SAT,28.756
../SAT2019/sr2019/new/Manthey/sv-comp19_prop-reachsafety.newton_2_6_false-unreach-call_true-termination.i-witness.cnf,SAT,48.636
../SAT2019/sr2019/old/mod4block_2vars_10gates_u2_autoenc-sc2009.cnf,SAT,1499.010
../SAT2018/final/Soos/apn-sbox6-cut3-helpbox23.cnf,-,5002.528
../SAT2019/sr2019/new/Bebel/toughsat_22bits_0.cnf,SAT,4.338
../SAT2019/sr2019/new/Bebel/toughsat_23bits_2.cnf,SAT,252.381
../SAT2018/Jingchao/e_rphp055_04.cnf,UNSAT,188.474
../SAT2018/Chowdhury/gto_p60c233.cnf,UNSAT,98.779
../SAT2018/Biere/udiv35prop.cnf,UNSAT,840.174
../SAT2019/sr2019/old/UTI-20-5p0-sc2009.cnf,UNSAT,251.227
../SAT2019/sr2019/new/Skladanivskyy/sha1r17m75a_p.cnf,SAT,460.240
../SAT2018/Ehlers/ex065_25.cnf,SAT,2345.659
../SAT2019/sr2019/new/Heule/MM-23-2-2-2-2-M.cnf,-,5000.040
../SAT2018/final/Soos/apn-sbox6-cut4-helpbox26.cnf,-,5000.027
../SAT2019/sr2019/old/001-80-12-sc2014.cnf,SAT,480.624
../SAT2018/Jingchao/e_rphp065_05.cnf,-,5004.373
../SAT2018/final/Zhou/patat-08-comp-3.cnf,SAT,38.918
../SAT2019/sr2019/new/Bebel/toughsat_23bits_0.cnf,SAT,137.192
../SAT2018/Chen/20180321_140823961_p_cnf_320_1120.cnf,-,5000.013
../SAT2018/Chowdhury/gto_p60c241.cnf,UNSAT,84.442
../SAT2018/Jingchao/e_rphp035_05.cnf,UNSAT,668.549
../SAT2018/Devriendt/queen15_15.col.15.cnf,-,5000.042
../SAT2019/sr2019/new/Chen/hcp_CP20_20.cnf,-,5000.029
../SAT2019/sr2019/old/rbsat-v2100c215164g4-sc2011.cnf,-,5000.029
../SAT2018/Scheel/cms-scheel-md4-families-r24-c4-p6-13-17-19.cnf,SAT,339.663
../SAT2019/sr2019/new/Heule/MM-23-3-3-M.cnf,-,5000.029
../SAT2019/sr2019/old/ndhf_xits_19_UNKNOWN-sc2011.cnf,SAT,625.475
../SAT2018/Porkhunov/mchess_18.cnf,-,5000.015
../SAT2019/sr2019/old/blockpuzzle_5x10_s3_free4-sc2017.cnf,UNSAT,316.655
../SAT2018/Konan/TimetableCNFEncoding_20_UNKNOWN.cnf,SAT,865.649
../SAT2018/Ofer/course0.12_2018_3_3.cnf,-,5000.043
../SAT2018/Heule/CNP-5-1600.cnf,SAT,115.329
../SAT2018/Jingchao/a_rphp056_05.cnf,-,5000.021
../SAT2019/sr2019/new/Zaikin/ASG_96_len112_known_last12_2.cnf,SAT,490.699
../SAT2018/Harder/ecarev-110-4099-22-30-5.cnf,SAT,252.909
../SAT2018/final/Soos/apn-sbox6-cut5-helpbox23.cnf,-,5000.027
../SAT2018/final/Johnson/sted5_0x0-40.cnf,SAT,22.485
../SAT2018/Ehlers/ex179_11.cnf,SAT,1404.407
../SAT2019/sr2019/old/9_50-sc2017.cnf,SAT,1129.724
../SAT2019/sr2019/new/Chen/hcp_d18_18.cnf,-,5000.031
../SAT2018/final/Collatz/mod8-bbd-zbd.rules.7-7.cnf,-,5000.032
../SAT2018/Heusser/satcoin-genesis-SAT-7.cnf,SAT,2.995
../SAT2019/sr2019/new/vonHolten/b1904P2-8x8c9h7UNSAT.cnf,-,5000.032
../SAT2019/sr2019/new/Bebel/toughsat_30bits_0.cnf,-,5000.013
../SAT2018/final/Johnson/sted5_0x1e3-40.cnf,-,5000.019
../SAT2019/sr2019/old/ae_rphp095_04-sc2018.cnf,-,5000.036
../SAT2019/sr2019/new/Savicky/size_5_5_5_i251_r12.cnf,-,5000.066
../SAT2019/sr2019/new/Biere/eqbpwtrc10spctbk10.cnf,UNSAT,600.552
../SAT2019/sr2019/new/Skladanivskyy/sha1r17m147ABCD_p.cnf,SAT,1244.718
../SAT2019/sr2019/new/Zhou/Tal-07_c18.cnf,SAT,174.573
../SAT2019/sr2019/old/sokoban-p20.sas.ex.15-sc2016.cnf,UNSAT,4900.899
../SAT2019/sr2019/old/hwmcc10-timeframe-expansion-k45-pdtpmspalu-tseitin-sc2011.cnf,UNSAT,1079.873
../SAT2018/Ofer/course0.2_2018_3.cnf,SAT,1323.865
../SAT2018/final/Zhou/si2-b03m-m400-03.cnf,SAT,71.677
../SAT2018/Biere/sdiv17prop.cnf,UNSAT,1468.633
../SAT2019/sr2019/new/Skladanivskyy/sha1r17m146ABCD.cnf,SAT,1875.967
../SAT2018/Manthey/pals_floodmax.5_overflow_false-unreach-call.ufo.UNBOUNDED.pals.c.cnf,-,5000.026
../SAT2018/Konan/TimetableCNFEncoding_4_UNKNOWN.cnf,-,5000.065
../SAT2018/Konan/TimetableCNFEncoding_10_UNKNOWN.cnf,-,5000.060
../SAT2019/sr2019/new/Bebel/toughsat_25bits_3.cnf,SAT,31.504
../SAT2019/sr2019/old/aes_24_4_keyfind_2-sc2013.cnf,SAT,3434.752
../SAT2018/Heule/CNP-5-1100.cnf,SAT,2811.787
../SAT2018/final/Johnson/sted1_0x24204-380.cnf,-,5000.035
../SAT2018/Chen/20180321_140826713_p_cnf_320_1120.cnf,-,5000.016
../SAT2018/Chen/20180321_140824282_p_cnf_320_1120.cnf,-,5000.013
../SAT2018/final/Johnson/sted1_0x0-330.cnf,SAT,297.376
../SAT2018/Ehlers/ex039_33.cnf,SAT,864.889
../SAT2018/Porkhunov/mchess_17.cnf,UNSAT,1620.530
../SAT2018/Xiao/Nb13T165.cnf,-,5000.079
../SAT2019/sr2019/new/Zhou/GracefulGraph-K05-P02_c18.cnf,SAT,23.227
../SAT2018/final/Soos/apn-sbox6-cut4-helpbox28.cnf,SAT,999.456
../SAT2019/sr2019/new/Skladanivskyy/sha1r17m147ABCD.cnf,SAT,2392.086
../SAT2019/sr2019/old/002-sc2013.cnf,SAT,4338.286
../SAT2019/sr2019/new/Bebel/toughsat_26bits_3.cnf,SAT,521.892
../SAT2019/sr2019/new/vonHolten/b1904P1-8x8c6h5SAT.cnf,SAT,4110.272
../SAT2018/Heule/CNP-5-200.cnf,SAT,605.677
../SAT2019/sr2019/new/Manthey/sv-comp19_prop-reachsafety.queue_longer_false-unreach-call.i-witness.cnf,-,646.921
../SAT2018/Zha/factoring29986577x29986577.cnf,SAT,438.510
../SAT2019/sr2019/old/26_stack_cas_longest_true-unreach-call.i-cbmc-u2-sc2016.cnf,SAT,2767.729
../SAT2018/final/Soos/apn-sbox6-cut4-helpbox30.cnf,SAT,639.150
../SAT2018/Scheel/cms-scheel-md4-families-r24-c8-p2-3-4-5-7-12-16-19.cnf,SAT,51.534
../SAT2018/Chowdhury/gto_p50c291.cnf,-,5000.017
../SAT2018/final/Soos/apn-sbox6-cut3-helpbox28.cnf,-,5000.349
../SAT2019/sr2019/old/IBM_FV_20002_31_1_rule_1_SAT_dat.k95-sc2007.cnf,-,5000.282
../SAT2018/final/Soos/apn-sbox6-cut4-helpbox29.cnf,SAT,1111.951
../SAT2018/Mayer-Eichberger/6-4-7.cnf,-,5000.036
../SAT2019/sr2019/new/Biere/eqbpdtlf18sparcl18.cnf,-,5002.367
../SAT2019/sr2019/old/rbsat-v945c61409gyes9-sc2009.cnf,SAT,100.449
../SAT2018/Scheel/cms-scheel-md5-families-r24-c4-p1-3-4-16.cnf,SAT,107.430
../SAT2018/Heusser/satcoin-genesis-SAT-2048.cnf,SAT,31.993
../SAT2018/Xiao/Nb27T6.cnf,UNSAT,421.458
../SAT2018/Ofer/courses_flat_0.16_2017_9.cnf,-,5000.109
../SAT2018/Chowdhury/gto_p60c231.cnf,UNSAT,52.459
../SAT2019/sr2019/new/Skladanivskyy/sha1r17m67a.cnf,SAT,399.622
../SAT2018/Jingchao/e_rphp065_04.cnf,UNSAT,645.070
../SAT2018/Devriendt/school1_nsh.col.14.cnf,-,5000.044
../SAT2018/Xiao/Nb8T61.cnf,-,5002.140
../SAT2019/sr2019/old/MD5-29-5-sc2014.cnf,-,5000.027
../SAT2019/sr2019/new/Chen/hcp_d14_14.cnf,-,5000.032
../SAT2018/final/Collatz/C3-2-31.cnf,SAT,43.707
../SAT2019/sr2019/new/Manthey/sv-comp19_prop-reachsafety.newton_2_3_true-unreach-call_true-termination.i-witness.cnf,UNSAT,175.301
../SAT2019/sr2019/old/9pipe_k-sc2012.cnf,UNSAT,112.012
../SAT2019/sr2019/new/Biere/eqspctbk14spwtcl14.cnf,-,5000.013
../SAT2019/sr2019/old/countbitsrotate032-sc2009.cnf,-,5000.019
../SAT2018/Mayer-Eichberger/8-4-9.cnf,-,5000.232
../SAT2018/Heule/CNP-5-1500.cnf,SAT,669.566
../SAT2018/Chowdhury/gto_p60c243.cnf,UNSAT,191.393
../SAT2019/sr2019/old/rpoc_xits_12_UNKNOWN-sc2009.cnf,-,5000.042
../SAT2018/Heule/CNP-5-1300.cnf,SAT,17.768
../SAT2018/Ofer/course_flat_0.2_2018_3.cnf,SAT,512.596
../SAT2018/Xiao/Nb45T6.cnf,UNSAT,1860.518
../SAT2018/Xiao/Nb8T63.cnf,-,5000.041
../SAT2018/final/Zhou/ramsey-30-4.cnf,SAT,0.707
../SAT2018/final/Soos/apn-sbox6-cut5-helpbox28.cnf,SAT,1783.558
../SAT2019/sr2019/old/vmpc_34.shuffled-as.sat05-1958-sc2005.cnf,-,5000.044
../SAT2019/sr2019/old/LABS_n089_goal008-sc2013.cnf,SAT,2686.301
../SAT2018/final/CRIL/T92.2.0.cnf,UNSAT,416.263
../SAT2018/final/Collatz/cannonball-opt-y.rules.4-10.cnf,-,5000.036
../SAT2019/sr2019/old/countbitswegner128-sc2011.cnf,UNSAT,2512.793
../SAT2018/Konan/TimetableCNFEncoding_17_UNKNOWN.cnf,-,5000.044
../SAT2018/Ehlers/ex051_9.cnf,-,5000.055
../SAT2019/sr2019/new/Manthey/sv-comp19_prop-reachsafety.newton_3_6_false-unreach-call_true-termination.i-witness.cnf,SAT,77.171
../SAT2019/sr2019/new/Skladanivskyy/sha1r17m146ABCD_p.cnf,SAT,696.913
../SAT2018/Harder/ecarev-110-4099-22-30-7.cnf,SAT,245.034
../SAT2019/sr2019/new/Savicky/size_5_5_5_i272_r12.cnf,SAT,2519.993
../SAT2018/Ofer/course_flat_0.16_2018_3.cnf,-,5000.285
../SAT2019/sr2019/new/Manthey/sv-comp19_prop-reachsafety.newton_3_7_false-unreach-call_true-termination.i-witness.cnf,SAT,93.128
../SAT2019/sr2019/old/course0.2_2018_3-sc2018.cnf,SAT,3587.531
../SAT2019/sr2019/new/Heule/MM-23-3-3-N.cnf,-,5000.041
../SAT2018/final/Collatz/cz-alt-3-7.cnf,UNSAT,2763.275
../SAT2018/Chowdhury/gto_p60c239.cnf,UNSAT,74.272
../SAT2018/Xiao/Nb29T6.cnf,UNSAT,353.261
../SAT2018/Ehlers/ex025_19.cnf,-,5000.040
../SAT2019/sr2019/old/dp12u11.used-as.sat04-358-sc2004.cnf,UNSAT,340.876
../SAT2018/Jingchao/ae_rphp035_05.cnf,UNSAT,686.633
../SAT2018/Heule/CNP-5-1700.cnf,SAT,126.767
../SAT2018/final/Johnson/sted1_0x24204-330.cnf,SAT,276.430
../SAT2018/Devriendt/queen8_12.col.12.cnf,UNSAT,405.777
../SAT2019/sr2019/new/Heule/MM-23-2-4-B.cnf,-,5000.035
../SAT2018/Chowdhury/gto_p60c231_1.cnf,UNSAT,52.274
../SAT2018/final/Collatz/less-cy-caa.rules.6-4.cnf,-,5000.019
../SAT2019/sr2019/old/mod2c-3cage-unsat-10-2.sat05-2567.reshuffled-07-sc2007.cnf,UNSAT,503.423
../SAT2018/Harder/ecarev-110-1031-23-40-6.cnf,SAT,490.704
../SAT2018/Zha/factoring94418953x321534781.cnf,-,5000.013
../SAT2019/sr2019/new/Savicky/size_5_5_5_i116_r12.cnf,-,5000.018
../SAT2019/sr2019/new/Skladanivskyy/sha1r17m72a_p.cnf,SAT,486.408
../SAT2018/Biere/sdiv16prop.cnf,UNSAT,633.311
../SAT2019/sr2019/old/MUS-v310-4-sc2013.cnf,UNSAT,422.149
../SAT2019/sr2019/old/rphp5_100_shuffled-sc2016.cnf,-,5000.049
../SAT2019/sr2019/old/sokoban-p20.sas.cr.35-sc2016.cnf,-,5000.064
../SAT2019/sr2019/old/frb59-26-1.used-as.sat04-891-sc2011.cnf,-,5004.679
../SAT2019/sr2019/old/006-23-96-sc2014.cnf,-,5000.046
../SAT2019/sr2019/new/Manthey/sv-comp19_prop-reachsafety.race-4_2-thread_local_vars_false-unreach-call.i-witness.cnf,SAT,300.675
../SAT2018/Xiao/Nb14T194.cnf,-,5000.095
../SAT2018/Biere/udiv40prop.cnf,UNSAT,3174.277
../SAT2019/sr2019/old/gensys-icl005.shuffled-as.sat05-3826-sc2011.cnf,UNSAT,443.385
../SAT2018/Ofer/exam_flat_0.04_2018_3.cnf,-,5000.086
../SAT2018/Heusser/satcoin-genesis-SAT-5.cnf,-,5000.038
../SAT2019/sr2019/old/k_unsat-sc2013.cnf,-,5000.037
../SAT2019/sr2019/old/vmpc_30-sc2007.cnf,SAT,397.180
../SAT2018/Konan/TimetableCNFEncoding_6_UNKNOWN.cnf,-,5000.134
../SAT2018/final/Zhou/bibd-16-80-15-3-2_glb.cnf,SAT,62.612
../SAT2019/sr2019/new/Heule/MM-23-2-2-3-B.cnf,-,5000.043
../SAT2019/sr2019/old/SGI_30_60_24_40_2-dir.shuffled-as.sat03-118-sc2002.cnf,UNSAT,1150.754
../SAT2019/sr2019/old/LABS_n087_goal008-sc2013.cnf,-,5000.033
../SAT2018/final/CRIL/T107.2.0.cnf,UNSAT,426.878
../SAT2018/final/Collatz/1mod8.rules.7-7.cnf,-,5000.659
../SAT2018/Manthey/Problem11_label29_false-unreach-call.c.cnf,SAT,478.918
../SAT2019/sr2019/new/Zhou/knight_16.cnf,SAT,452.521
../SAT2019/sr2019/new/Heule/MM-23-2-2-2-2-C.cnf,-,5000.061
../SAT2019/sr2019/new/Zhou/Pb-chnl15-16_c18.cnf,-,5000.013
../SAT2018/Ofer/course_flat_0.12_2018_3_3.cnf,-,5000.269
../SAT2018/final/Johnson/sted1_0x24204-350.cnf,-,5000.030
../SAT2019/sr2019/new/Heule/MM-23-3-3-B.cnf,-,5000.043
../SAT2019/sr2019/new/Biere/eq2csparrc162cbpwtcl16.cnf,-,5000.015
../SAT2018/final/Soos/apn-sbox5-cut5-symmbreak.cnf,-,5000.032
../SAT2019/sr2019/new/Skladanivskyy/sha1r17m63a_p.cnf,SAT,468.655
../SAT2019/sr2019/new/Zhou/CarSequencing-90-02_c18.cnf,SAT,98.278
../SAT2018/Manthey/pals_lcr-var-start-time.5_true-unreach-call.ufo.UNBOUNDED.pals.c.cnf,UNSAT,293.104
../SAT2018/final/Collatz/ad-A-3-7-17.cnf,-,5000.024
../SAT2018/Jingchao/e_rphp096_04.cnf,UNSAT,4827.766
../SAT2018/Liang/quadratic_tight_error.c.cnf,UNSAT,138.181
../SAT2018/final/Collatz/by-X-2-7-100.cnf,UNSAT,2169.243
../SAT2019/sr2019/new/Savicky/size_5_5_5_i044_r12.cnf,-,5000.014
../SAT2019/sr2019/old/aes_24_4_keyfind_5-sc2014.cnf,SAT,306.764
../SAT2018/Zha/prime_119218851371.cnf,UNSAT,104.834
../SAT2018/Chowdhury/gto_p60c235.cnf,UNSAT,238.099
../SAT2019/sr2019/new/Zhou/SocialGolfers-6-6-6-cp_c18.cnf,-,5000.177
../SAT2018/Ehlers/ex175_18.cnf,SAT,2744.702
../SAT2018/Konan/TimetableCNFEncoding_3_UNKNOWN.cnf,-,5000.036
../SAT2019/sr2019/new/Biere/eqbpdtlf14spctbk14.cnf,-,5000.014
../SAT2018/Xiao/Nb52T6.cnf,UNSAT,3027.595
../SAT2019/sr2019/new/Zhou/Pb-chnl20-21_c18.cnf,-,5000.037
../SAT2019/sr2019/old/002-80-8-sc2014.cnf,SAT,526.269
../SAT2019/sr2019/new/Chen/hcp_CP22_22.cnf,-,5000.030
../SAT2018/Jingchao/a_rphp085_04.cnf,-,5000.024
../SAT2018/Zha/Karatsuba4477457x5308417.cnf,SAT,20.315
../SAT2019/sr2019/new/vonHolten/b1904P3-8x8c11h7UNSAT.cnf,UNSAT,1172.624
../SAT2018/Chowdhury/gto_p50c314.cnf,-,5000.178
../SAT2018/Chowdhury/gto_p50c345_1.cnf,-,5000.019
../SAT2018/Konan/TimetableCNFEncoding_1_UNKNOWN.cnf,-,5000.081
../SAT2018/Scheel/cms-scheel-md4-families-r24-c4-p4-9-13-18.cnf,SAT,657.395
../SAT2018/final/CRIL/T122.2.0.cnf,UNSAT,399.741
../SAT2018/Heusser/satcoin-genesis-SAT-10.cnf,SAT,2.926
../SAT2019/sr2019/old/total-10-15-u-sc2007.cnf,-,5000.043
../SAT2018/Heule/CNP-5-400.cnf,SAT,1262.264
../SAT2018/Heusser/satcoin-genesis-SAT-16.cnf,SAT,5.943
../SAT2019/sr2019/new/Zhou/QuasiGroup-4-12_c18.cnf,SAT,130.063
../SAT2018/final/CRIL/T125.2.0.cnf,UNSAT,403.915
../SAT2019/sr2019/new/Biere/cruxmiter29seed4.cnf,UNSAT,426.182
../SAT2018/final/Zhou/ortholatin-7.cnf,SAT,25.649
../SAT2019/sr2019/new/Chen/hcp_d16_16.cnf,-,5000.265
../SAT2018/Chen/20180326_095804286_p_cnf_320_1120.cnf,-,5000.023
../SAT2019/sr2019/old/ACG-20-10p1-sc2009.cnf,SAT,1296.386
../SAT2018/Chen/20180322_164241329_p_cnf_320_1120.cnf,-,5000.040
../SAT2019/sr2019/new/Biere/eqspdtlf14bpwtrc14.cnf,-,5000.047
../SAT2019/sr2019/old/test_v7_r12_vr10_c1_s18160.smt2-stp212-sc2016.cnf,-,5000.046
../SAT2018/Konan/TimetableCNFEncoding_2_UNKNOWN.cnf,-,5000.038
../SAT2018/final/Zhou/si2-b03m-m800-03.cnf,SAT,122.569
../SAT2019/sr2019/new/Zaikin/Grain_no_init_ver1_out200_known_last104_0.cnf,SAT,721.804
../SAT2019/sr2019/new/Biere/eqbpdtlf14bpwtcl14.cnf,UNSAT,133.388
../SAT2019/sr2019/new/Bebel/toughsat_24bits_0.cnf,SAT,151.124
../SAT2018/Scheel/cms-scheel-md4-families-r24-c5-p1-8-13-18-19.cnf,SAT,131.607
../SAT2019/sr2019/old/6s139-sc2013.cnf,UNSAT,2997.110
../SAT2019/sr2019/old/ecarev-110-1031-23-40-8-sc2018.cnf,SAT,865.967
../SAT2018/Heusser/satcoin-genesis-SAT-9.cnf,SAT,3.158
../SAT2019/sr2019/old/f6nidw-sc2012.cnf,UNSAT,29.465
../SAT2019/sr2019/old/UTI-20-10p1-sc2009.cnf,SAT,536.837
../SAT2019/sr2019/new/Bebel/toughsat_25bits_1.cnf,SAT,479.582
../SAT2019/sr2019/old/sha2.shuffled-as.sat03-442-sc2002.cnf,-,5000.148
../SAT2019/sr2019/new/Savicky/size_4_4_4_i0566_r8.cnf,UNSAT,785.340
../SAT2019/sr2019/new/Zaikin/Grain_no_init_ver1_out200_known_last105_0_u.cnf,UNSAT,362.114
../SAT2018/Harder/ecarev-110-4099-22-30-4.cnf,SAT,272.999
../SAT2018/final/CRIL/T86.2.0.cnf,UNSAT,438.068
../SAT2019/sr2019/new/Chen/hcp_bij16_16.cnf,-,5000.075
../SAT2018/final/Johnson/sted1_0x0-420.cnf,-,5000.030
../SAT2019/sr2019/new/Savicky/size_4_4_4_i4096_r8.cnf,UNSAT,429.384
../SAT2019/sr2019/old/rbcl_xits_13_UNKNOWN-sc2009.cnf,-,5000.031
../SAT2019/sr2019/new/Skladanivskyy/sha1r17m148ABCD_p.cnf,SAT,1146.787
../SAT2019/sr2019/new/Heule/MM-23-4-4-4-4-1.cnf,-,5000.914
../SAT2019/sr2019/new/Bebel/toughsat_26bits_1.cnf,SAT,544.900
../SAT2018/Porkhunov/Cake_9_19.cnf,-,5000.043
../SAT2019/sr2019/old/satcoin-genesis-SAT-10-sc2018.cnf,SAT,21.876
../SAT2019/sr2019/new/Zhou/QuasiGroup-4-10_c18.cnf,-,5000.077
../SAT2019/sr2019/new/Heule/MM-23-no-type3.cnf,-,5000.045
../SAT2019/sr2019/old/partial-10-11-s-sc2007.cnf,SAT,1634.369
../SAT2019/sr2019/old/ndhf_xits_16_UNKNOWN-sc2009.cnf,-,5000.041
../SAT2019/sr2019/new/Chen/hcp_CP14_14.cnf,SAT,187.183
../SAT2019/sr2019/new/Savicky/size_4_4_4_i3499_r8.cnf,UNSAT,532.987
../SAT2018/Heusser/satcoin-genesis-SAT-3.cnf,SAT,2.129
../SAT2018/Porkhunov/mchess_20.cnf,-,5000.015
../SAT2018/Manthey/Problem14_label14_false-unreach-call.c.cnf,SAT,141.185
../SAT2018/Ehlers/ex187_10.cnf,SAT,805.874
../SAT2019/sr2019/old/ctl_4291_567_2_unsat-sc2013.cnf,UNSAT,1414.229
../SAT2019/sr2019/new/Zhou/GracefulGraph-K04-P04_c18.cnf,SAT,174.436
../SAT2018/Chowdhury/gto_p50c312.cnf,-,5000.011
../SAT2019/sr2019/new/Chen/hcp_r26_26.cnf,-,58.589
../SAT2019/sr2019/old/008-80-8-sc2014.cnf,SAT,439.330
../SAT2018/Chowdhury/gto_p50c345.cnf,-,5000.009
../SAT2018/Zha/Karatsuba7654321x1234567.cnf,SAT,24.659
../SAT2018/Porkhunov/Cake_9_20.cnf,-,5000.033
../SAT2018/Chowdhury/gto_p60c343.cnf,-,5000.012
../SAT2019/sr2019/old/stone-width3chain-nmarkers-20_shuffled-sc2016.cnf,-,5002.827
../SAT2018/final/Soos/apn-sbox6-cut5-helpbox26.cnf,-,5000.094
../SAT2019/sr2019/old/6-4-6-sc2018.cnf,-,5011.081
../SAT2018/Biere/uniqinv45prop.cnf,UNSAT,223.580
../SAT2018/Ofer/courses0.2_2017_9.cnf,SAT,3848.730
../SAT2019/sr2019/new/Zhou/frb-40-19-1-mgd_c18.cnf,SAT,14.513
../SAT2019/sr2019/old/atco_enc2_opt2_05_9-sc2014.cnf,SAT,369.172
../SAT2019/sr2019/new/Biere/eqsparrc16spwtcl16.cnf,-,5000.016
../SAT2018/Chowdhury/gto_p50c307.cnf,-,5000.015
../SAT2018/Scheel/cms-scheel-md5-families-r24-c11-p1-4-6-9-10-11-13-15-17-18-19.cnf,SAT,37.134
../SAT2019/sr2019/old/apn-sbox6-cut4-helpbox31-sc2018.cnf,SAT,1293.042
../SAT2019/sr2019/old/snw_13_8_pre-sc2016.cnf,UNSAT,1449.461
../SAT2018/Ofer/courses_flat_0.12_2017_9.cnf,-,5000.104
../SAT2019/sr2019/old/partial-5-19-u-sc2007.cnf,-,5000.050
../SAT2019/sr2019/old/ex051_9-sc2018.cnf,-,5000.030
../SAT2019/sr2019/old/sokoban-p16.sas.ex.15-sc2016.cnf,UNSAT,971.787
../SAT2018/Biere/uniqinv30prop.cnf,UNSAT,77.812
../SAT2019/sr2019/old/atco_enc1_opt1_04_32-sc2014.cnf,SAT,129.998
../SAT2019/sr2019/new/Manthey/sv-comp19_prop-reachsafety.sine_8_true-unreach-call_true-termination.i-witness.cnf,UNSAT,23.283
../SAT2018/Heule/CNP-5-1200.cnf,SAT,91.854
../SAT2018/Ofer/exam0.04_2018_3.cnf,SAT,4124.149
../SAT2018/final/Soos/apn-sbox6-cut3-helpbox30.cnf,SAT,238.719
../SAT2019/sr2019/new/Biere/eqspctbk12bpwtrc12.cnf,-,5000.014
../SAT2018/final/CRIL/T82.2.0.cnf,UNSAT,414.065
../SAT2018/Jingchao/ae_rphp062_05.cnf,-,5000.039
../SAT2019/sr2019/old/MD5-29-4-sc2014.cnf,-,5000.025
../SAT2019/sr2019/new/Heule/MM-23-2-2-2-2-A.cnf,-,5000.053
../SAT2019/sr2019/new/Biere/eqbparrc12spctbk12.cnf,-,5000.012
../SAT2018/Mayer-Eichberger/8-4-8.cnf,-,5000.047
../SAT2019/sr2019/new/Skladanivskyy/sha1r17m148ABCD.cnf,SAT,2535.340
../SAT2018/Chen/20180321_140827428_p_cnf_320_1120.cnf,SAT,1435.066
../SAT2019/sr2019/new/Heule/MM-23-5-A.cnf,-,5000.033
../SAT2018/Xiao/Nb51T6.cnf,UNSAT,2631.810
../SAT2018/Chen/20180321_110704973_p_cnf_320_1120.cnf,-,5000.007
../SAT2018/Xiao/Nb49T6.cnf,UNSAT,2293.148
../SAT2019/sr2019/new/vonHolten/b1904P3-8x8c11h0SAT.cnf,-,5000.031
../SAT2018/Heule/CNP-5-0.cnf,SAT,1477.406
../SAT2019/sr2019/old/srhd-sgi-m62-q1504.5-n60-p30-s88600538-sc2011.cnf,-,5000.042
../SAT2018/Xiao/Nb39T6.cnf,UNSAT,950.716
../SAT2018/final/Johnson/sted1_0x0-350.cnf,-,5000.138
../SAT2018/final/Soos/apn-sbox5-cut3-symmbreak.cnf,-,5000.020
../SAT2019/sr2019/new/Savicky/size_5_5_5_i003_r12.cnf,-,5000.023
../SAT2019/sr2019/new/Manthey/sv-comp19_prop-reachsafety.square_5_true-unreach-call_true-termination.i-witness.cnf,UNSAT,55.726
../SAT2019/sr2019/old/ak128astepbg2msaig-sc2016.cnf,-,5000.053
../SAT2018/Porkhunov/Cake_8_16.cnf,-,5000.029
../SAT2018/Manthey/filter1_true-unreach-call.c.cnf,UNSAT,493.199
../SAT2018/Jingchao/a_rphp098_04.cnf,-,5000.023
../SAT2019/sr2019/new/Zaikin/Trivium_no_init_out350_known_last142_1_u.cnf,UNSAT,1409.626
../SAT2019/sr2019/new/Savicky/size_5_5_5_i223_r12.cnf,SAT,222.486
../SAT2019/sr2019/new/Chen/hcp_d20_20.cnf,-,5000.041
../SAT2019/sr2019/new/Zaikin/Mickey_out250_known_last147_0.cnf,SAT,254.594
../SAT2018/Zha/Karatsuba6972593x13466917.cnf,SAT,247.851
../SAT2018/Devriendt/school1.col.14.cnf,-,5000.048
../SAT2019/sr2019/old/ex175_18-sc2018.cnf,-,5000.111
../SAT2019/sr2019/old/sokoban-p16.sas.ex.23-sc2016.cnf,-,5000.101
../SAT2018/Jingchao/a_rphp045_05.cnf,-,5000.019
../SAT2019/sr2019/new/Bebel/toughsat_23bits_1.cnf,SAT,105.822
../SAT2019/sr2019/new/Skladanivskyy/sha1r17m63a.cnf,SAT,408.551
../SAT2019/sr2019/old/QG7a-gensys-ukn002.sat05-3842.reshuffled-07-sc2007.cnf,UNSAT,461.937
../SAT2019/sr2019/new/Zhou/knight_18.cnf,SAT,806.724
../SAT2018/Ehlers/ex009_10.cnf,SAT,900.169
../SAT2019/sr2019/new/Savicky/size_4_4_4_i4828_r8.cnf,UNSAT,724.634
../SAT2019/sr2019/old/ak128modasbg2asisc-sc2016.cnf,-,5000.037
../SAT2018/Heule/CNP-5-300.cnf,SAT,237.414
