../SAT2019/sr2019/new/Bebel/toughsat_24bits_3.cnf,SAT,141.863
../SAT2018/Manthey/Problem14_label57_false-unreach-call.c.cnf,SAT,166.536
../SAT2018/Harder/ecarev-110-1031-23-40-8.cnf,SAT,272.606
../SAT2018/final/CRIL/T105.2.0.cnf,UNSAT,426.549
../SAT2019/sr2019/old/sokoban-p16.sas.ex.19-sc2016.cnf,-,5000.121
../SAT2018/Chen/20180321_140833987_p_cnf_320_1120.cnf,-,5000.065
../SAT2019/sr2019/new/Zhou/CarSequencing-90-01_c18.cnf,SAT,140.839
../SAT2019/sr2019/old/par32-1-c.shuffled-as.sat03-1531-sc2002.cnf,-,5000.022
../SAT2019/sr2019/new/Chen/hcp_d22_22.cnf,-,5000.033
../SAT2018/Biere/sdiv20prop.cnf,-,5000.068
../SAT2019/sr2019/old/mod2c-3cage-unsat-10-3.sat05-2568.reshuffled-07-sc2007.cnf,UNSAT,553.701
../SAT2019/sr2019/new/Zaikin/Grain_no_init_ver1_out200_known_last105_0.cnf,SAT,972.899
../SAT2019/sr2019/old/mrpp_6x6#12_24-sc2013.cnf,SAT,48.256
../SAT2019/sr2019/old/20180326_095804936_p_cnf_320_1120-sc2018.cnf,-,5000.059
../SAT2018/final/Johnson/sted5_0x0-70.cnf,-,5000.038
../SAT2019/sr2019/old/hwb-n26-01-S1957858365.shuffled-as.sat03-1622-sc2002.cnf,UNSAT,500.923
../SAT2019/sr2019/old/rubikcube701-sc2017.cnf,UNSAT,421.715
../SAT2019/sr2019/old/slp-synthesis-aes-bottom18-sc2011.cnf,-,5000.059
../SAT2018/Heule/CNP-5-1000.cnf,SAT,189.847
../SAT2018/Ehlers/ex067_10.cnf,SAT,1016.393
../SAT2018/Heusser/satcoin-genesis-SAT-32.cnf,-,5000.017
../SAT2018/Heule/CNP-5-1800.cnf,SAT,58.527
../SAT2018/Jingchao/e_rphp056_05.cnf,-,5000.025
../SAT2018/final/Collatz/ax-d-4-7-5.cnf,-,5000.040
../SAT2019/sr2019/new/Biere/eqsparcl12bpwtrc12.cnf,-,5000.013
../SAT2019/sr2019/old/gus-md5-14-sc2009.cnf,-,5000.017
../SAT2018/Ehlers/ex015_14.cnf,-,5000.046
../SAT2019/sr2019/new/Skladanivskyy/sha1r17m145ABCD_p.cnf,SAT,2385.019
../SAT2019/sr2019/old/partial-5-11-u-sc2007.cnf,-,5000.021
../SAT2018/Heusser/satcoin-genesis-SAT-512.cnf,SAT,46.562
../SAT2018/Biere/sdiv40prop.cnf,-,5000.200
../SAT2019/sr2019/old/003-sc2013.cnf,-,5000.017
../SAT2018/final/Johnson/sted5_0x0-60.cnf,-,5000.054
../SAT2018/final/Zhou/si2-b06m-m1000-03.cnf,SAT,133.059
../SAT2019/sr2019/old/x2_128.shuffled-as.sat03-1598-sc2002.cnf,-,5000.006
../SAT2018/final/CRIL/T87.2.0.cnf,UNSAT,542.416
../SAT2018/Scheel/cms-scheel-md5-families-r24-c7-p1-5-6-12-16-18-19.cnf,SAT,1255.086
../SAT2019/sr2019/old/Nb7T44-sc2017.cnf,-,5000.016
../SAT2018/final/Collatz/mod8-abd-yad.rules.7-7.cnf,SAT,50.212
../SAT2018/Heule/CNP-5-700.cnf,SAT,732.005
../SAT2019/sr2019/old/EDP3-70000-sc2014.cnf,-,5000.068
../SAT2019/sr2019/old/Schur_161_5_d22-sc2016.cnf,-,5000.007
../SAT2018/Heusser/satcoin-genesis-SAT-1024.cnf,SAT,64.673
../SAT2019/sr2019/new/Heule/MM-23-2-2-3-A.cnf,-,5000.028
../SAT2019/sr2019/new/Bebel/toughsat_28bits_0.cnf,SAT,1676.302
../SAT2018/Xiao/Nb37T6.cnf,UNSAT,1373.570
../SAT2019/sr2019/new/Zhou/knight_20.cnf,SAT,2190.708
../SAT2019/sr2019/new/Biere/eqbpdtlf14spdtlf14.cnf,-,5000.046
../SAT2019/sr2019/old/ezfact64_8.shuffled-as.sat03-1524-sc2002.cnf,SAT,452.076
../SAT2019/sr2019/new/Skladanivskyy/sha1r17m145ABCD.cnf,SAT,359.096
../SAT2018/Ehlers/ex177_12.cnf,-,5000.066
../SAT2019/sr2019/new/Savicky/size_4_4_4_i4295_r8.cnf,UNSAT,228.007
../SAT2018/Scheel/cms-scheel-md5-families-r24-c6-p1-4-6-13-14-18.cnf,SAT,1920.974
../SAT2019/sr2019/old/uniqinv47prop-sc2018.cnf,UNSAT,235.664
../SAT2019/sr2019/new/vonHolten/b1904P1-8x8c6h7SAT.cnf,-,5000.014
../SAT2018/Heule/CNP-5-500.cnf,SAT,52.706
../SAT2019/sr2019/new/Zaikin/ASG_72_keystream76_1.cnf,SAT,1172.129
../SAT2018/Mayer-Eichberger/9-4-10.cnf,-,5000.016
../SAT2019/sr2019/old/QG7a-gensys-icl001.sat05-3822.reshuffled-07-sc2007.cnf,UNSAT,123.920
../SAT2019/sr2019/old/aes_32_3_keyfind_1-sc2011.cnf,SAT,1058.211
../SAT2018/Manthey/Problem14_label19_true-unreach-call.c.cnf,UNSAT,84.332
../SAT2019/sr2019/new/Zaikin/Trivium_no_init_out350_known_last143_1_u.cnf,UNSAT,974.230
../SAT2019/sr2019/old/ezfact64_6.shuffled-as.sat03-1522-sc2002.cnf,SAT,354.038
../SAT2019/sr2019/new/Skladanivskyy/sha1r17m75a.cnf,SAT,607.910
../SAT2018/Chowdhury/gto_p50c314_1.cnf,-,5000.036
../SAT2018/final/Johnson/sted5_0x1e3-20.cnf,-,5000.039
../SAT2018/final/Soos/apn-sbox6-cut3-helpbox31.cnf,SAT,1773.778
../SAT2018/final/Zhou/bibd-8-70-35-4-15_glb.cnf,SAT,24.023
../SAT2018/final/CRIL/T84.2.0.cnf,UNSAT,437.444
../SAT2019/sr2019/new/Zhou/Mario-t-hard-2_c18.cnf,SAT,40.250
../SAT2018/Chen/20180322_164226661_p_cnf_320_1120.cnf,-,5000.015
../SAT2019/sr2019/new/Biere/eqbparrc18spwtrc18.cnf,-,5000.099
../SAT2019/sr2019/old/atco_enc1_opt2_20_12-sc2014.cnf,UNSAT,1632.794
../SAT2019/sr2019/new/Heule/MM-23-2-2-2-2-B.cnf,-,5000.115
../SAT2018/Jingchao/ae_rphp075_04.cnf,UNSAT,1440.521
../SAT2018/Scheel/cms-scheel-md4-families-r24-c5-p5-13-16-17-19.cnf,SAT,805.656
../SAT2019/sr2019/new/Chen/hcp_r20_20.cnf,SAT,13.702
../SAT2019/sr2019/old/aaai10-planning-ipc5-TPP-21-step11-sc2011.cnf,UNSAT,599.237
../SAT2019/sr2019/old/le450_15b.col.15-sc2018.cnf,-,5000.020
../SAT2018/Heusser/satcoin-genesis-SAT-256.cnf,SAT,20.675
../SAT2019/sr2019/new/Chen/hcp_CP26_26.cnf,-,5000.054
../SAT2018/Chen/20180322_164226378_p_cnf_320_1120.cnf,-,5000.013
../SAT2018/final/Johnson/sted5_0x1e3-60.cnf,-,5000.032
../SAT2018/Manthey/pals_lcr.8_overflow_false-unreach-call.ufo.UNBOUNDED.pals.c.cnf,UNSAT,859.688
../SAT2018/final/Soos/apn-sbox6-cut5-helpbox29.cnf,SAT,888.470
../SAT2018/final/Johnson/sted5_0x0-50.cnf,SAT,380.493
../SAT2018/Scheel/cms-scheel-md5-families-r24-c5-p6-11-15-16-19.cnf,UNSAT,14.706
../SAT2019/sr2019/new/Bebel/toughsat_22bits_1.cnf,SAT,58.730
../SAT2019/sr2019/new/Zaikin/Trivium_no_init_out350_known_last142_1.cnf,SAT,972.247
../SAT2018/Chen/20180322_164245263_p_cnf_320_1120.cnf,-,5000.060
../SAT2019/sr2019/old/SAT_dat.k100-sc2012.cnf,UNSAT,282.090
../SAT2019/sr2019/old/mrpp_8x8#20_24-sc2014.cnf,SAT,401.003
../SAT2019/sr2019/new/Chen/hcp_CP16_16.cnf,SAT,716.502
../SAT2018/final/Soos/apn-sbox6-cut5-helpbox30.cnf,SAT,193.006
../SAT2018/final/Collatz/full-by-za.rules.5-7.cnf,SAT,1070.124
../SAT2018/Heule/CNP-5-1400.cnf,SAT,878.027
../SAT2018/Liang/assoc_mult_err_3.c.cnf,UNSAT,89.705
../SAT2018/Chen/20180326_095801070_p_cnf_320_1120.cnf,-,5000.035
../SAT2019/sr2019/new/Manthey/sv-comp19_prop-reachsafety.sigma_false-unreach-call.i-witness.cnf,SAT,494.284
../SAT2019/sr2019/new/Zaikin/ASG_96_len112_known_last13_2.cnf,SAT,1605.588
../SAT2019/sr2019/old/LABS_n066_goal005-sc2013.cnf,-,5000.027
../SAT2018/Ehlers/ex145_11.cnf,-,5000.098
../SAT2019/sr2019/old/aaai10-planning-ipc5-pathways-17-step21-sc2011.cnf,SAT,435.876
../SAT2018/Chen/20180326_095804936_p_cnf_320_1120.cnf,-,5000.036
../SAT2019/sr2019/new/Bebel/toughsat_23bits_3.cnf,SAT,319.576
../SAT2018/final/Collatz/cz-3-7-7.cnf,UNSAT,1548.690
../SAT2018/Liang/sqrt_ineq_2.c.cnf,SAT,106.260
../SAT2018/Biere/uniqinv20prop.cnf,UNSAT,33.922
../SAT2019/sr2019/old/UR-20-5p1-sc2009.cnf,SAT,331.206
../SAT2018/Mayer-Eichberger/10-3-13.cnf,-,5000.080
../SAT2018/Konan/TimetableCNFEncoding_16_UNKNOWN.cnf,-,5000.018
../SAT2019/sr2019/old/ctl_4291_567_2_unsat_pre-sc2013.cnf,UNSAT,1289.045
../SAT2019/sr2019/old/pb_300_10_lb_08-sc2014.cnf,UNSAT,103.774
../SAT2019/sr2019/old/blocks-blocks-37-1.130-NOTKNOWN-sc2011.cnf,UNSAT,1068.012
../SAT2019/sr2019/old/bob12s06-sc2013.cnf,UNSAT,965.955
../SAT2019/sr2019/new/Zaikin/ASG_96_len112_known_last12_2_u.cnf,SAT,1515.836
../SAT2018/final/Johnson/sted5_0x24204-70.cnf,-,5000.175
../SAT2019/sr2019/old/slp-synthesis-aes-bottom22-sc2011.cnf,-,5000.037
../SAT2018/Mayer-Eichberger/8-4-10.cnf,-,5000.041
../SAT2018/Mayer-Eichberger/7-5-6.cnf,-,5000.019
../SAT2018/Jingchao/ae_rphp056_05.cnf,-,5000.038
../SAT2019/sr2019/new/Zaikin/Mickey_out250_known_last146_0.cnf,SAT,373.176
../SAT2018/Mayer-Eichberger/8-5-6.cnf,-,5000.029
../SAT2019/sr2019/old/007-sc2013.cnf,SAT,1084.438
../SAT2019/sr2019/old/SAT_dat.k85-sc2013.cnf,-,5000.092
../SAT2018/Chowdhury/gto_p60c238.cnf,UNSAT,273.922
../SAT2019/sr2019/old/minxorminand128-sc2009.cnf,UNSAT,726.912
../SAT2018/final/Soos/apn-sbox6-cut4-helpbox23.cnf,-,5000.019
../SAT2018/Chen/20180321_110706599_p_cnf_320_1120.cnf,-,5000.044
../SAT2018/final/CRIL/T62.2.0.cnf,UNSAT,612.782
../SAT2019/sr2019/new/Bebel/toughsat_26bits_0.cnf,SAT,160.275
../SAT2018/Liang/assoc2.c.cnf,-,5000.026
../SAT2019/sr2019/old/24.4-sc2017.cnf,-,5000.029
../SAT2019/sr2019/old/maxxor032-sc2011.cnf,UNSAT,60.966
../SAT2018/Manthey/Problem14_label20_true-unreach-call.c.cnf,UNSAT,108.561
../SAT2019/sr2019/old/slp-synthesis-aes-top21-sc2011.cnf,-,5000.040
../SAT2018/Manthey/terminator_03_true-unreach-call_true-termination.i.cnf,UNSAT,852.553
../SAT2019/sr2019/new/Savicky/size_4_4_4_i2704_r8.cnf,UNSAT,682.204
../SAT2018/Zha/factoring87654321x12345678.cnf,SAT,26.485
../SAT2019/sr2019/new/Manthey/sv-comp19_prop-reachsafety.fib_bench_longest_false-unreach-call.i-witness.cnf,SAT,258.053
../SAT2019/sr2019/new/Zaikin/MASG0_72_keystream76_0.cnf,-,5000.016
../SAT2019/sr2019/new/Skladanivskyy/sha1r17m72a.cnf,SAT,147.560
../SAT2019/sr2019/new/Heule/MM-23-2-2-2-4-B.cnf,-,5000.700
../SAT2018/final/CRIL/T129.2.0.cnf,UNSAT,597.603
../SAT2018/final/Collatz/by-alt-5-7.cnf,-,5000.027
../SAT2018/final/Zhou/bibd-19-57-9-3-1_glb.cnf,SAT,34.966
../SAT2018/Manthey/pals_lcr-var-start-time.6_true-unreach-call.ufo.UNBOUNDED.pals.c.cnf,UNSAT,650.036
../SAT2018/Devriendt/huck.col.11.cnf,UNSAT,76.942
../SAT2018/final/Johnson/sted1_0x0-380.cnf,-,5000.009
../SAT2019/sr2019/new/vonHolten/b1904P2-8x8c9h5SAT.cnf,-,5000.052
../SAT2019/sr2019/new/Biere/eqbpdtlf16spdtlf16.cnf,-,5000.017
../SAT2019/sr2019/new/Savicky/size_5_5_5_i218_r12.cnf,SAT,3267.515
../SAT2018/Ofer/courses0.12_2017_9.cnf,-,5000.061
../SAT2019/sr2019/old/sin.c.75.smt2-cvc4-sc2016.cnf,-,174.706
../SAT2018/Heusser/satcoin-genesis-SAT-128.cnf,SAT,35.087
../SAT2019/sr2019/old/aes_equiv_encry_3_rounds.debugged-sc2012.cnf,UNSAT,497.973
../SAT2018/Ehlers/ex175_20.cnf,SAT,2227.363
../SAT2019/sr2019/old/gss-33-s100-sc2009.cnf,-,5000.035
../SAT2019/sr2019/old/connm-ue-csp-sat-n800-d0.02-s111845174.used-as.sat04-958-sc2011.cnf,UNSAT,2766.439
../SAT2019/sr2019/new/Savicky/size_5_5_5_i260_r12.cnf,-,5000.017
../SAT2018/Manthey/Problem14_label55_true-unreach-call.c.cnf,UNSAT,145.834
../SAT2019/sr2019/old/total-10-15-s-sc2007.cnf,SAT,507.100
../SAT2019/sr2019/new/Manthey/sv-comp19_prop-reachsafety.26_stack_cas_longer_false-unreach-call.i-witness.cnf,SAT,1367.970
../SAT2019/sr2019/old/004-80-8-sc2014.cnf,SAT,304.773
../SAT2018/Ofer/exams0.04_2017_9.cnf,-,5000.020
../SAT2018/Ofer/course_flat_0.12_2018_3_5.cnf,-,5000.103
../SAT2018/Biere/udiv46prop.cnf,-,5000.014
../SAT2019/sr2019/old/f10nidw-sc2012.cnf,UNSAT,1413.400
../SAT2018/Devriendt/le450_15a.col.15.cnf,-,5000.058
../SAT2019/sr2019/old/hitag2-8-60-0-0x880693399044612-25-SAT-sc2013.cnf,SAT,660.180
../SAT2019/sr2019/new/vonHolten/b1904P3-8x8c11h7SAT.cnf,SAT,2198.352
../SAT2018/Biere/uniqinv25prop.cnf,UNSAT,37.721
../SAT2018/final/Zhou/frb35-17-5_ext.cnf,SAT,44.672
../SAT2019/sr2019/old/Nb51T6-sc2018.cnf,-,5000.160
../SAT2018/Manthey/Problem11_label51_false-unreach-call.c.cnf,SAT,803.678
../SAT2019/sr2019/new/Zhou/Subisomorphism-g10-g23_c18.cnf,UNSAT,2248.263
../SAT2019/sr2019/new/Heule/MM-23-2-2-2-2-D.cnf,-,5000.020
../SAT2018/Devriendt/le450_15c.col.15.cnf,-,5000.023
../SAT2019/sr2019/old/ablmulub16x4o-sc2016.cnf,UNSAT,383.829
../SAT2019/sr2019/old/mulhs016-sc2009.cnf,-,5000.007
../SAT2018/Ofer/course_flat_0.12_2018_3_1.cnf,SAT,872.352
../SAT2018/final/Zhou/si2-r001-m200-00.cnf,SAT,992.920
../SAT2018/Biere/uniqinv40prop.cnf,UNSAT,165.210
../SAT2019/sr2019/old/9dlx_vliw_at_b_iq8-sc2007.cnf,UNSAT,3531.053
../SAT2018/Xiao/Nb13T166.cnf,-,5000.091
../SAT2019/sr2019/old/manthey_single-ordered-initialized-w50-b7-sr2015.cnf,UNSAT,960.525
../SAT2018/final/CRIL/T93.2.0.cnf,UNSAT,515.913
../SAT2018/Harder/ecarev-110-1031-23-40-3.cnf,UNSAT,48.782
../SAT2018/Konan/TimetableCNFEncoding_5_UNKNOWN.cnf,-,5000.054
../SAT2019/sr2019/old/6s133-sc2014.cnf,UNSAT,256.124
../SAT2018/Chowdhury/gto_p60c234.cnf,UNSAT,183.900
../SAT2019/sr2019/new/Biere/cruxmiter29seed9.cnf,UNSAT,1256.414
../SAT2019/sr2019/old/slp-synthesis-aes-bottom13-sc2011.cnf,UNSAT,251.599
../SAT2018/Liang/dist4.c.cnf,UNSAT,183.021
../SAT2018/Scheel/cms-scheel-md4-families-r24-c5-p1-5-10-12-18.cnf,UNSAT,195.516
../SAT2018/Devriendt/queen8_8.col.9.cnf,-,5000.045
../SAT2019/sr2019/old/manthey_DimacsSorter_37_3-sr2015.cnf,SAT,3286.235
../SAT2019/sr2019/new/Savicky/size_5_5_5_i198_r12.cnf,SAT,328.550
../SAT2019/sr2019/old/IBM_FV_2004_rule_batch_2_31_2_SAT_dat.k45.debugged-sc2012.cnf,-,5000.008
../SAT2018/Liang/dist6.c.cnf,UNSAT,184.903
../SAT2018/final/Zhou/magicSquare-8_glb.cnf,SAT,353.827
../SAT2019/sr2019/new/Biere/eqbpwtrc10bpdtlf10.cnf,UNSAT,47.242
../SAT2018/final/Zhou/si2-m4Dr2-m256-08.cnf,SAT,825.779
../SAT2019/sr2019/new/Heule/MM-23-3-3-A.cnf,-,5000.026
../SAT2018/final/CRIL/T116.2.0.cnf,UNSAT,337.062
../SAT2019/sr2019/old/atco_enc3_opt2_10_12-sc2014.cnf,UNSAT,2481.736
../SAT2018/Heusser/satcoin-genesis-SAT-4096.cnf,-,5000.014
../SAT2019/sr2019/new/Savicky/size_5_5_5_i063_r12.cnf,-,5000.038
../SAT2018/final/Zhou/si2-r001-m200-09.cnf,SAT,666.445
../SAT2018/Biere/udiv48prop.cnf,-,5000.085
../SAT2018/Ehlers/ex065_24.cnf,-,5000.030
../SAT2019/sr2019/new/Biere/eqspctbk14sparcl14.cnf,-,5000.026
../SAT2019/sr2019/old/6s169-opt-sc2014.cnf,UNSAT,52.529
../SAT2019/sr2019/old/unsat-set-a-fclqcolor-20-13-14.sat05-1278.reshuffled-07-sc2007.cnf,-,5000.016
../SAT2018/final/Collatz/bx-d-4-7-8.cnf,-,5000.009
../SAT2018/Harder/ecarev-110-1031-23-40-5.cnf,SAT,284.070
../SAT2019/sr2019/old/ctl_4291_567_5_unsat_pre-sc2014.cnf,-,5000.034
../SAT2019/sr2019/old/AProVE07-26-sc2007.cnf,-,5000.051
../SAT2018/Zha/prime_200560490131.cnf,UNSAT,141.040
../SAT2018/Konan/TimetableCNFEncoding_8_UNKNOWN.cnf,-,5000.019
../SAT2018/Heule/CNP-5-1900.cnf,SAT,280.532
../SAT2019/sr2019/old/ps_5000_21250_3_0_0.7_0_1.45_4-sc2017.cnf,-,5000.006
../SAT2019/sr2019/new/Bebel/toughsat_25bits_0.cnf,SAT,191.306
../SAT2019/sr2019/old/e_rphp035_05-sc2018.cnf,UNSAT,798.720
../SAT2018/Scheel/cms-scheel-md5-families-r24-c5-p2-7-8-15-19.cnf,SAT,855.504
../SAT2018/final/Collatz/less-cy-caa.rules.4-9.cnf,-,5000.035
../SAT2019/sr2019/old/6s126-opt-sc2014.cnf,-,5000.034
../SAT2018/Porkhunov/mchess_16.cnf,UNSAT,1320.920
../SAT2018/Jingchao/a_rphp055_04.cnf,UNSAT,560.218
../SAT2018/final/Johnson/sted5_0x24204-50.cnf,SAT,116.610
../SAT2018/final/Soos/apn-sbox6-cut3-helpbox29.cnf,SAT,3014.121
../SAT2018/Ehlers/ex175_17.cnf,-,5000.089
../SAT2019/sr2019/old/b_unsat-sc2013.cnf,UNSAT,1014.338
../SAT2018/Devriendt/queen12_12.col.12.cnf,UNSAT,1756.286
../SAT2018/Chen/20180322_164238439_p_cnf_320_1120.cnf,SAT,4866.781
../SAT2018/Heule/CNP-5-900.cnf,SAT,337.738
../SAT2018/final/CRIL/T117.2.0.cnf,UNSAT,344.992
../SAT2019/sr2019/new/Skladanivskyy/sha1r17m66a.cnf,SAT,139.092
../SAT2019/sr2019/old/atco_enc1_opt2_10_16-sc2014.cnf,SAT,1249.126
../SAT2019/sr2019/new/Bebel/toughsat_25bits_2.cnf,SAT,392.437
../SAT2019/sr2019/old/atco_enc2_opt2_10_21-sc2014.cnf,SAT,441.203
../SAT2018/Ofer/course0.12_2018_3_5.cnf,-,5000.066
../SAT2018/Ehlers/ex157_10.cnf,SAT,307.916
../SAT2018/Ofer/course0.16_2018_3_5.cnf,SAT,2254.371
../SAT2019/sr2019/new/Skladanivskyy/sha1r17m149ABCD_p.cnf,SAT,2073.677
../SAT2019/sr2019/new/Savicky/size_4_4_4_i0418_r8.cnf,UNSAT,341.147
../SAT2019/sr2019/new/Heule/MM-22.cnf,-,5000.017
../SAT2019/sr2019/new/Zaikin/Trivium_no_init_out350_known_last143_1.cnf,SAT,440.114
../SAT2018/Xiao/Nb42T6.cnf,UNSAT,2271.629
../SAT2018/final/Collatz/bx-d-4-7-6.cnf,SAT,267.311
../SAT2019/sr2019/new/Biere/eqspwtrc16bparrc16.cnf,-,5000.014
../SAT2019/sr2019/old/c6288mul.miter.shuffled-as.sat03-346-sc2002.cnf,UNSAT,138.764
../SAT2018/Biere/uniqinv46prop.cnf,UNSAT,293.525
../SAT2018/final/Collatz/bz-X-4-7-6.cnf,SAT,3307.679
../SAT2018/Xiao/Nb8T60.cnf,-,5000.025
../SAT2018/Xiao/Nb8T62.cnf,-,5000.022
../SAT2018/Jingchao/ae_rphp045_05.cnf,UNSAT,2547.976
../SAT2018/final/CRIL/T90.2.0.cnf,UNSAT,490.716
../SAT2018/Scheel/cms-scheel-md4-families-r24-c6-p0-5-10-11-17-18.cnf,UNSAT,530.663
../SAT2019/sr2019/new/Heule/MM-23-2-4-A.cnf,-,5000.036
../SAT2018/Manthey/newton_3_6_false-unreach-call.i.cnf,SAT,204.135
../SAT2018/Harder/ecarev-110-1031-23-40-1.cnf,SAT,290.197
../SAT2018/Heusser/satcoin-genesis-SAT-8192.cnf,SAT,525.915
../SAT2018/Scheel/cms-scheel-md5-families-r24-c8-p0-3-5-6-14-16-18-19.cnf,SAT,626.311
../SAT2018/Devriendt/le450_25a.col.25.cnf,-,5000.034
../SAT2019/sr2019/old/ablmulub2x32o-sc2016.cnf,UNSAT,562.473
../SAT2019/sr2019/new/Manthey/sv-comp19_prop-reachsafety.newton_3_8_false-unreach-call_true-termination.i-witness.cnf,SAT,120.911
../SAT2019/sr2019/new/Manthey/sv-comp19_prop-reachsafety.newton_2_4_true-unreach-call_true-termination.i-witness.cnf,UNSAT,142.059
../SAT2019/sr2019/new/Zhou/Mario-t-hard-5_c18.cnf,SAT,42.065
../SAT2018/Heusser/satcoin-genesis-SAT-64.cnf,SAT,33.995
../SAT2018/final/Johnson/sted1_0x1e3-200.cnf,-,5000.051
../SAT2018/final/Soos/apn-sbox5-cut4-symmbreak.cnf,-,5000.058
../SAT2019/sr2019/old/smtlib-qfbv-aigs-countbits128-tseitin-sc2011.cnf,UNSAT,1960.066
../SAT2018/Xiao/Nb44T6.cnf,UNSAT,2164.892
../SAT2018/final/Collatz/full-ax-xa.rules.7-7.cnf,SAT,2739.382
../SAT2019/sr2019/old/dist6.c-sc2018.cnf,UNSAT,245.918
../SAT2019/sr2019/old/rpoc_xits_11_UNKNOWN-sc2009.cnf,-,5000.011
../SAT2018/final/Johnson/sted1_0x1e3-100.cnf,-,5000.046
../SAT2018/final/Collatz/cz-d-4-7-5.cnf,SAT,1265.503
../SAT2018/Harder/ecarev-110-1031-23-40-7.cnf,SAT,289.688
../SAT2019/sr2019/new/Savicky/size_4_4_4_i4473_r8.cnf,UNSAT,602.355
../SAT2018/Liang/quadratic_loose_error.c.cnf,UNSAT,48.543
../SAT2019/sr2019/old/blocks-blocks-36-0.120-NOTKNOWN-sc2011.cnf,UNSAT,1234.329
../SAT2019/sr2019/old/snw_16_8_pre-sc2016.cnf,UNSAT,3147.528
../SAT2019/sr2019/old/li-exam-63.shuffled-as.sat03-368-sc2002.cnf,-,5000.012
../SAT2018/Liang/dist9.c.cnf,UNSAT,181.976
../SAT2018/Biere/sdiv25prop.cnf,-,5000.035
../SAT2018/Mayer-Eichberger/9-4-9.cnf,-,5000.017
../SAT2019/sr2019/old/partial-10-11-u-sc2007.cnf,-,5000.017
../SAT2018/Mayer-Eichberger/6-5-6.cnf,-,5000.014
../SAT2018/Devriendt/le450_25c.col.25.cnf,-,5000.241
../SAT2018/Mayer-Eichberger/6-3-8.cnf,SAT,1044.157
../SAT2019/sr2019/old/58bits_13.dimacs-sr2015.cnf,SAT,3561.023
../SAT2018/Scheel/cms-scheel-md4-families-r24-c5-p0-7-10-15-19.cnf,SAT,13.638
../SAT2019/sr2019/old/62bits_14.dimacs-sr2015.cnf,-,5000.029
../SAT2019/sr2019/old/rbcl_xits_11_UNKNOWN-sc2009.cnf,-,5000.012
../SAT2018/final/Zhou/lei450-05b-05.cnf,SAT,2.441
../SAT2019/sr2019/old/cms-scheel-md5-families-r24-c8-p0-3-5-6-14-16-18-19-sc2018.cnf,SAT,425.104
../SAT2018/Heusser/satcoin-genesis-SAT-4.cnf,SAT,2.645
../SAT2018/final/Zhou/queen8-8-9.cnf,SAT,4.701
../SAT2019/sr2019/old/custmulsb2x32o-sc2016.cnf,-,5000.018
../SAT2019/sr2019/new/Zaikin/Mickey_out250_known_last146_0_u.cnf,UNSAT,928.420
../SAT2019/sr2019/old/newton.2.3.i.smt2-cvc4-sc2016.cnf,UNSAT,1950.566
../SAT2018/final/Johnson/sted5_0x24204-60.cnf,-,5000.011
../SAT2018/Ehlers/ex045_7.cnf,SAT,1999.203
../SAT2018/Biere/sdiv30prop.cnf,-,5000.028
../SAT2018/Ehlers/ex145_10.cnf,-,5000.017
../SAT2018/Chowdhury/gto_p60c295.cnf,-,5000.023
../SAT2019/sr2019/new/Zaikin/ASG_96_len112_known_last13_2_u.cnf,UNSAT,757.822
../SAT2018/Jingchao/a_rphp035_05.cnf,UNSAT,1208.285
../SAT2019/sr2019/old/6s20-sc2013.cnf,UNSAT,693.016
../SAT2019/sr2019/old/stable-400-0.1-4-9876543214004-sc2014.cnf,SAT,3521.910
../SAT2018/final/CRIL/T98.2.0.cnf,UNSAT,457.612
../SAT2019/sr2019/new/Zhou/Eternity-10-05_c18.cnf,SAT,27.744
../SAT2019/sr2019/new/Zhou/Eternity-10-06_c18.cnf,SAT,2306.270
../SAT2018/Liang/dist5.c.cnf,UNSAT,199.297
../SAT2018/Scheel/cms-scheel-md4-families-r24-c5-p0-5-11-13-18.cnf,SAT,468.121
../SAT2019/sr2019/old/sokoban-p16.sas.ex.21-sc2016.cnf,-,5000.125
../SAT2018/final/Soos/apn-sbox6-cut4-helpbox31.cnf,SAT,156.995
../SAT2019/sr2019/old/tseitingrid7x160_shuffled-sc2016.cnf,-,5000.042
../SAT2019/sr2019/old/custmulun16x16o-sc2016.cnf,-,5000.046
../SAT2018/final/Zhou/ramsey-32-4.cnf,SAT,4.522
../SAT2018/Scheel/cms-scheel-md4-families-r24-c6-p2-4-9-16-17-19.cnf,UNSAT,50.797
../SAT2019/sr2019/old/hwmcc15deep-oski15a10b10s-k22-sc2017.cnf,-,5000.045
../SAT2018/Zha/factoring54018521x562448657.cnf,SAT,643.184
../SAT2019/sr2019/new/Biere/eqsparrc12bpdtlf12.cnf,-,5000.018
../SAT2019/sr2019/old/squ_ali_s10x10_c39_abix_SAT-sc2017.cnf,SAT,161.226
../SAT2018/Liang/dist8.c.cnf,UNSAT,214.536
../SAT2019/sr2019/old/LABS_n071_goal001-sc2013.cnf,UNSAT,3851.078
../SAT2018/Devriendt/le450_25b.col.25.cnf,-,5000.096
../SAT2018/Biere/udiv45prop.cnf,-,5000.009
../SAT2018/final/CRIL/T103.2.0.cnf,UNSAT,483.836
../SAT2019/sr2019/new/Zaikin/Grain_no_init_ver1_out200_known_last104_0_u.cnf,UNSAT,1514.652
../SAT2019/sr2019/new/Manthey/sv-comp19_prop-reachsafety.triangular-longer_false-unreach-call.i-witness.cnf,SAT,357.010
../SAT2019/sr2019/new/Bebel/toughsat_24bits_1.cnf,SAT,196.521
../SAT2019/sr2019/new/Chen/hcp_CP24_24.cnf,-,5000.019
../SAT2019/sr2019/old/safe-30-h29-unsat-sc2007.cnf,-,5000.048
../SAT2018/final/Collatz/5or7mod8.rules.7-7.cnf,-,5000.040
../SAT2018/Jingchao/a_rphp065_04.cnf,UNSAT,2154.955
../SAT2018/Harder/ecarev-110-4099-22-30-2.cnf,SAT,252.755
../SAT2018/Jingchao/ae_rphp055_04.cnf,UNSAT,192.729
../SAT2018/Mayer-Eichberger/6-4-6.cnf,-,5000.041
../SAT2019/sr2019/new/Zhou/Bibd-sc-10-03-08_c18.cnf,SAT,22.459
../SAT2018/Ofer/exams_flat_0.04_2017_9.cnf,-,5000.061
../SAT2018/Manthey/Problem14_label48_true-unreach-call.c.cnf,UNSAT,195.958
../SAT2019/sr2019/old/gto_p60c238-sc2018.cnf,UNSAT,307.061
../SAT2019/sr2019/new/Heule/MM-23-2-2-2-2-3.cnf,-,5000.102
../SAT2019/sr2019/new/Zhou/SocialGolfers-6-6-7-cp_c18.cnf,-,5000.020
../SAT2019/sr2019/new/Heule/MM-23-5-B.cnf,-,5000.065
../SAT2019/sr2019/new/Biere/eqbparrc14spwtcl14.cnf,-,5000.011
../SAT2019/sr2019/old/countbitssrl032-sc2009.cnf,UNSAT,228.356
../SAT2018/final/CRIL/T56.2.0.cnf,UNSAT,468.385
../SAT2018/Heusser/satcoin-genesis-SAT-8.cnf,SAT,5.951
../SAT2018/Scheel/cms-scheel-md4-families-r24-c6-p1-9-13-16-18-19.cnf,SAT,286.324
../SAT2018/Konan/TimetableCNFEncoding_9_UNKNOWN.cnf,-,5000.036
../SAT2019/sr2019/new/Biere/eqspwtcl14bpwtcl14.cnf,-,5000.019
../SAT2018/Devriendt/queen13_13.col.13.cnf,-,5000.022
../SAT2018/Chen/20180326_095805836_p_cnf_320_1120.cnf,-,5000.009
../SAT2019/sr2019/new/Skladanivskyy/sha1r17m149ABCD.cnf,SAT,191.250
../SAT2018/Heule/CNP-5-800.cnf,SAT,2816.470
../SAT2019/sr2019/old/sokoban-p20.sas.ex.17-sc2016.cnf,-,5000.133
../SAT2019/sr2019/old/sted1_0x0-380-sc2018.cnf,-,5000.037
../SAT2018/Xiao/Nb11T118.cnf,-,5000.047
../SAT2018/Scheel/cms-scheel-md5-families-r24-c7-p1-3-6-10-11-14-15.cnf,UNSAT,200.193
../SAT2019/sr2019/old/li-test4-99.shuffled-as.sat03-377-sc2002.cnf,-,5000.041
../SAT2018/Biere/uniqinv47prop.cnf,UNSAT,245.212
../SAT2019/sr2019/new/Bebel/toughsat_26bits_2.cnf,SAT,961.249
../SAT2019/sr2019/new/Zaikin/Mickey_out250_known_last147_0_u.cnf,UNSAT,939.182
../SAT2019/sr2019/old/ex145_11-sc2018.cnf,-,5000.029
../SAT2018/final/Soos/apn-sbox6-cut3-helpbox26.cnf,-,5000.029
../SAT2019/sr2019/new/Manthey/sv-comp19_prop-reachsafety.barrier_3t_true-unreach-call.i-witness.cnf,-,180.422
../SAT2019/sr2019/new/Chen/hcp_CP18_18.cnf,-,5000.044
../SAT2019/sr2019/old/sgen1-unsat-109-100-sc2009.cnf,-,5000.016
../SAT2019/sr2019/old/sokoban-p20.sas.ex.23-sc2016.cnf,-,5000.106
../SAT2019/sr2019/new/Biere/cruxmiter32seed4.cnf,UNSAT,4900.981
../SAT2019/sr2019/old/rbsat-v2400c266431g5-sc2009.cnf,-,5000.013
../SAT2018/Chen/20180322_164224543_p_cnf_320_1120.cnf,-,5000.011
../SAT2019/sr2019/old/slp-synthesis-aes-top26-sc2011.cnf,SAT,1280.410
../SAT2019/sr2019/new/Heule/MM-23-2-2-2-3-4.cnf,-,5000.020
../SAT2018/Xiao/Nb54T6.cnf,-,5000.399
../SAT2019/sr2019/old/edges-024-4-5613555-1-00-sc2014.cnf,UNSAT,907.165
../SAT2019/sr2019/old/UCG-20-10p1-sc2009.cnf,SAT,640.565
../SAT2018/final/CRIL/T96.2.0.cnf,UNSAT,428.970
../SAT2019/sr2019/new/Savicky/size_5_5_5_i171_r12.cnf,-,5000.014
../SAT2019/sr2019/old/b04_s_unknown-sc2013.cnf,SAT,990.345
../SAT2018/Biere/udiv47prop.cnf,-,5000.010
../SAT2019/sr2019/old/vmpc_36.renamed-as.sat05-1922-sc2005.cnf,-,5000.032
../SAT2018/Manthey/sqrt_Householder_pseudoconstant_true-unreach-call.c.cnf,-,5000.092
../SAT2019/sr2019/old/Schur_160_5_d38-sc2016.cnf,SAT,208.631
../SAT2019/sr2019/old/ps_5000_21250_3_0_0.8_0_1.55_2-sc2017.cnf,UNSAT,673.720
../SAT2019/sr2019/old/rubikcube912-sc2017.cnf,-,5000.021
../SAT2019/sr2019/new/Bebel/toughsat_27bits_0.cnf,-,5000.040
../SAT2019/sr2019/old/ex175_17-sc2018.cnf,-,5000.113
../SAT2018/Devriendt/queen14_14.col.14.cnf,-,5000.021
../SAT2018/Heule/CNP-5-100.cnf,SAT,491.654
../SAT2019/sr2019/old/jgiraldezlevy.2200.9086.08.40.149-sr2015.cnf,SAT,4042.936
../SAT2019/sr2019/new/Manthey/sv-comp19_prop-reachsafety.25_stack_longest_false-unreach-call.i-witness.cnf,-,5000.190
../SAT2018/Devriendt/le450_15b.col.15.cnf,-,5000.027
../SAT2019/sr2019/old/T103.2.1-sc2017.cnf,UNSAT,3613.098
../SAT2019/sr2019/new/Savicky/size_5_5_5_i235_r12.cnf,-,5000.015
../SAT2018/Chen/20180321_110707239_p_cnf_320_1120.cnf,-,5000.025
../SAT2018/Ehlers/ex177_13.cnf,-,5000.118
../SAT2019/sr2019/old/SGI_30_60_28_40_2-dir.shuffled-as.sat03-124-sc2002.cnf,-,5000.024
../SAT2019/sr2019/new/Zhou/Haystacks-ext-13_c18.cnf,-,5000.033
../SAT2019/sr2019/old/T169.1.0-sc2017.cnf,SAT,922.310
../SAT2019/sr2019/new/Biere/eqbpwtcl10spwtcl10.cnf,UNSAT,703.538
../SAT2018/Ofer/course_flat_0.12_2018_3.cnf,-,5000.664
../SAT2019/sr2019/old/partial-5-17-s-sc2007.cnf,SAT,477.842
../SAT2018/Scheel/cms-scheel-md4-families-r24-c5-p1-8-9-16-19.cnf,UNSAT,384.815
../SAT2018/Mayer-Eichberger/7-4-7.cnf,-,5000.033
../SAT2018/Liang/dist7.c.cnf,UNSAT,194.351
../SAT2019/sr2019/old/gss-20-s100-sc2009.cnf,SAT,242.495
../SAT2019/sr2019/new/Chen/hcp_d24_24.cnf,-,5000.041
../SAT2019/sr2019/new/Manthey/sv-comp19_prop-reachsafety.newton_2_2_true-unreach-call_true-termination.i-witness.cnf,UNSAT,119.029
../SAT2019/sr2019/new/Zhou/Haystacks-ext-12_c18.cnf,-,5000.022
../SAT2019/sr2019/new/Bebel/toughsat_24bits_2.cnf,SAT,64.186
../SAT2018/Manthey/avg_true-unreach-call.i.cnf,UNSAT,474.016
../SAT2019/sr2019/old/004-sc2013.cnf,SAT,1176.316
../SAT2019/sr2019/old/crafted_n11_d6_c3_num24-sc2013.cnf,UNSAT,666.011
../SAT2019/sr2019/new/Zhou/knight_14.cnf,-,5000.050
../SAT2018/Chen/20180322_164241842_p_cnf_320_1120.cnf,SAT,696.588
../SAT2018/Manthey/newton_3_4_true-unreach-call.i.cnf,UNSAT,230.669
../SAT2019/sr2019/old/slp-synthesis-aes-bottom26-sc2011.cnf,-,5000.068
../SAT2018/final/Collatz/full-cy-caa.rules.7-7.cnf,SAT,165.980
../SAT2019/sr2019/old/hwb-n26-03-S540351185.sat05-490.reshuffled-07-sc2007.cnf,UNSAT,1010.000
../SAT2018/Chen/20180322_164223076_p_cnf_320_1120.cnf,-,5000.030
../SAT2018/Liang/commutativity3.c.cnf,-,5000.040
../SAT2018/final/CRIL/T77.2.0.cnf,UNSAT,578.622
../SAT2018/Biere/sdiv15prop.cnf,UNSAT,280.692
../SAT2019/sr2019/new/Chen/hcp_d12_12.cnf,-,5000.012
../SAT2019/sr2019/old/smulo032-sc2012.cnf,UNSAT,435.571
../SAT2019/sr2019/old/6s166-sc2013.cnf,UNSAT,64.340
../SAT2019/sr2019/old/hwmcc15deep-6s516r-k18-sc2017.cnf,UNSAT,4680.782
../SAT2018/Harder/ecarev-110-1031-23-40-2.cnf,SAT,128.779
../SAT2018/final/Zhou/magicSquare-9_glb.cnf,SAT,978.970
../SAT2019/sr2019/new/Bebel/toughsat_29bits_0.cnf,SAT,582.233
../SAT2019/sr2019/old/vmpc_31-sc2007.cnf,SAT,477.102
../SAT2018/Mayer-Eichberger/10-4-10.cnf,-,5000.020
../SAT2019/sr2019/new/Zhou/Subisomorphism-g10-g27_c18.cnf,SAT,959.324
../SAT2019/sr2019/old/b04_s_2_unknown_pre-sc2013.cnf,-,5000.023
../SAT2018/Ofer/course0.12_2018_3_1.cnf,SAT,1194.590
../SAT2018/Porkhunov/mchess_15.cnf,UNSAT,273.789
../SAT2019/sr2019/new/Zaikin/ASG_72_keystream76_2.cnf,SAT,2637.209
../SAT2018/final/Zhou/frb35-17-5-mgd_ext.cnf,SAT,44.228
../SAT2018/Ofer/course0.2_2018_3_5.cnf,SAT,305.182
../SAT2019/sr2019/new/Zaikin/MASG_72_keystream76_0.cnf,-,5000.004
../SAT2019/sr2019/new/Biere/eqbpdtlf12bparrc12.cnf,UNSAT,250.435
../SAT2019/sr2019/old/11pipe_11_ooo-sc2011.cnf,-,5000.026
../SAT2018/Chowdhury/gto_p50c311.cnf,-,5000.032
../SAT2019/sr2019/old/sgen1-sat-180-100-sc2009.cnf,SAT,2314.831
../SAT2019/sr2019/new/Biere/eqsparcl10bpwtrc10.cnf,UNSAT,348.361
../SAT2019/sr2019/old/UTI-20-10p0-sc2009.cnf,UNSAT,301.986
../SAT2018/Porkhunov/mchess_19.cnf,-,5000.018
../SAT2019/sr2019/new/Heule/MM-23-2-2-2-4-A.cnf,-,5000.020
../SAT2019/sr2019/new/Skladanivskyy/sha1r17m67a_p.cnf,SAT,518.087
../SAT2018/Liang/dist10.c.cnf,UNSAT,193.790
../SAT2019/sr2019/old/TimetableCNFEncoding_5_UNKNOWN-sc2018.cnf,-,5000.034
../SAT2019/sr2019/old/004-22-160-sc2014.cnf,SAT,4956.874
../SAT2018/Ehlers/ex095_8.cnf,-,5000.071
../SAT2019/sr2019/old/20180322_164224543_p_cnf_320_1120-sc2018.cnf,-,5000.177
../SAT2019/sr2019/new/Skladanivskyy/sha1r17m66a_p.cnf,SAT,439.497
../SAT2018/Liang/commutativity.c.cnf,-,5000.014
../SAT2019/sr2019/old/snw_16_8_nopre-sc2016.cnf,UNSAT,3681.272
../SAT2018/Manthey/filter_iir_true-unreach-call.c.cnf,UNSAT,757.968
../SAT2019/sr2019/new/Biere/cruxmiter28seed8.cnf,UNSAT,490.766
../SAT2019/sr2019/new/Biere/eqsparrc14spctbk14.cnf,-,5000.011
../SAT2019/sr2019/old/289-unsat-21x14-sc2011.cnf,-,5000.027
../SAT2018/final/Johnson/sted1_0x1e3-300.cnf,-,5000.014
../SAT2018/Jingchao/ae_rphp095_04.cnf,-,5000.047
../SAT2019/sr2019/new/Zhou/Tal-08_c18.cnf,SAT,770.141
../SAT2018/Heule/CNP-5-600.cnf,SAT,4359.449
../SAT2019/sr2019/new/Manthey/sv-comp19_prop-reachsafety.newton_2_8_false-unreach-call_true-termination.i-witness.cnf,SAT,89.822
../SAT2019/sr2019/old/squ_any_s09x07_c27_abio_UNS-sc2017.cnf,UNSAT,377.115
../SAT2018/Zha/factoring39916801x54018521.cnf,SAT,74.476
../SAT2018/Liang/sqrt_ineq_3.c.cnf,SAT,126.726
../SAT2019/sr2019/new/Manthey/sv-comp19_prop-reachsafety.newton_2_6_false-unreach-call_true-termination.i-witness.cnf,SAT,106.457
../SAT2019/sr2019/old/mod4block_2vars_10gates_u2_autoenc-sc2009.cnf,-,5000.058
../SAT2018/final/Soos/apn-sbox6-cut3-helpbox23.cnf,-,5000.169
../SAT2019/sr2019/new/Bebel/toughsat_22bits_0.cnf,SAT,81.509
../SAT2019/sr2019/new/Bebel/toughsat_23bits_2.cnf,SAT,21.656
../SAT2018/Jingchao/e_rphp055_04.cnf,UNSAT,326.119
../SAT2018/Chowdhury/gto_p60c233.cnf,UNSAT,99.461
../SAT2018/Biere/udiv35prop.cnf,UNSAT,775.060
../SAT2019/sr2019/old/UTI-20-5p0-sc2009.cnf,UNSAT,342.778
../SAT2019/sr2019/new/Skladanivskyy/sha1r17m75a_p.cnf,SAT,274.241
../SAT2018/Ehlers/ex065_25.cnf,-,5000.180
../SAT2019/sr2019/new/Heule/MM-23-2-2-2-2-M.cnf,-,5000.042
../SAT2018/final/Soos/apn-sbox6-cut4-helpbox26.cnf,SAT,1094.860
../SAT2019/sr2019/old/001-80-12-sc2014.cnf,SAT,698.753
../SAT2018/Jingchao/e_rphp065_05.cnf,-,5000.028
../SAT2018/final/Zhou/patat-08-comp-3.cnf,SAT,36.960
../SAT2019/sr2019/new/Bebel/toughsat_23bits_0.cnf,SAT,31.920
../SAT2018/Chen/20180321_140823961_p_cnf_320_1120.cnf,-,5000.023
../SAT2018/Chowdhury/gto_p60c241.cnf,UNSAT,69.345
../SAT2018/Jingchao/e_rphp035_05.cnf,UNSAT,703.890
../SAT2018/Devriendt/queen15_15.col.15.cnf,-,5000.022
../SAT2019/sr2019/new/Chen/hcp_CP20_20.cnf,-,5000.016
../SAT2019/sr2019/old/rbsat-v2100c215164g4-sc2011.cnf,-,5000.065
../SAT2018/Scheel/cms-scheel-md4-families-r24-c4-p6-13-17-19.cnf,SAT,491.920
../SAT2019/sr2019/new/Heule/MM-23-3-3-M.cnf,-,5000.044
../SAT2019/sr2019/old/ndhf_xits_19_UNKNOWN-sc2011.cnf,SAT,451.750
../SAT2018/Porkhunov/mchess_18.cnf,-,5000.050
../SAT2019/sr2019/old/blockpuzzle_5x10_s3_free4-sc2017.cnf,UNSAT,298.269
../SAT2018/Konan/TimetableCNFEncoding_20_UNKNOWN.cnf,SAT,1640.766
../SAT2018/Ofer/course0.12_2018_3_3.cnf,-,5000.048
../SAT2018/Heule/CNP-5-1600.cnf,SAT,203.933
../SAT2018/Jingchao/a_rphp056_05.cnf,-,5000.021
../SAT2019/sr2019/new/Zaikin/ASG_96_len112_known_last12_2.cnf,SAT,1516.982
../SAT2018/Harder/ecarev-110-4099-22-30-5.cnf,SAT,269.344
../SAT2018/final/Soos/apn-sbox6-cut5-helpbox23.cnf,-,5000.072
../SAT2018/final/Johnson/sted5_0x0-40.cnf,SAT,18.075
../SAT2018/Ehlers/ex179_11.cnf,SAT,399.465
../SAT2019/sr2019/old/9_50-sc2017.cnf,SAT,647.592
../SAT2019/sr2019/new/Chen/hcp_d18_18.cnf,-,5000.017
../SAT2018/final/Collatz/mod8-bbd-zbd.rules.7-7.cnf,-,5000.043
../SAT2018/Heusser/satcoin-genesis-SAT-7.cnf,SAT,3.120
../SAT2019/sr2019/new/vonHolten/b1904P2-8x8c9h7UNSAT.cnf,-,5000.013
../SAT2019/sr2019/new/Bebel/toughsat_30bits_0.cnf,-,5000.012
../SAT2018/final/Johnson/sted5_0x1e3-40.cnf,-,5000.013
../SAT2019/sr2019/old/ae_rphp095_04-sc2018.cnf,-,5000.037
../SAT2019/sr2019/new/Savicky/size_5_5_5_i251_r12.cnf,SAT,961.026
../SAT2019/sr2019/new/Biere/eqbpwtrc10spctbk10.cnf,UNSAT,431.193
../SAT2019/sr2019/new/Skladanivskyy/sha1r17m147ABCD_p.cnf,SAT,1869.507
../SAT2019/sr2019/new/Zhou/Tal-07_c18.cnf,SAT,314.947
../SAT2019/sr2019/old/sokoban-p20.sas.ex.15-sc2016.cnf,-,5000.115
../SAT2019/sr2019/old/hwmcc10-timeframe-expansion-k45-pdtpmspalu-tseitin-sc2011.cnf,UNSAT,1121.284
../SAT2018/Ofer/course0.2_2018_3.cnf,SAT,2151.351
../SAT2018/final/Zhou/si2-b03m-m400-03.cnf,SAT,70.179
../SAT2018/Biere/sdiv17prop.cnf,UNSAT,1431.224
../SAT2019/sr2019/new/Skladanivskyy/sha1r17m146ABCD.cnf,SAT,1255.077
../SAT2018/Manthey/pals_floodmax.5_overflow_false-unreach-call.ufo.UNBOUNDED.pals.c.cnf,-,5000.011
../SAT2018/Konan/TimetableCNFEncoding_4_UNKNOWN.cnf,-,5000.022
../SAT2018/Konan/TimetableCNFEncoding_10_UNKNOWN.cnf,-,5000.062
../SAT2019/sr2019/new/Bebel/toughsat_25bits_3.cnf,SAT,147.501
../SAT2019/sr2019/old/aes_24_4_keyfind_2-sc2013.cnf,SAT,138.857
../SAT2018/Heule/CNP-5-1100.cnf,SAT,502.720
../SAT2018/final/Johnson/sted1_0x24204-380.cnf,-,5000.014
../SAT2018/Chen/20180321_140826713_p_cnf_320_1120.cnf,SAT,3277.928
../SAT2018/Chen/20180321_140824282_p_cnf_320_1120.cnf,-,5000.009
../SAT2018/final/Johnson/sted1_0x0-330.cnf,SAT,302.831
../SAT2018/Ehlers/ex039_33.cnf,SAT,68.866
../SAT2018/Porkhunov/mchess_17.cnf,-,5000.041
../SAT2018/Xiao/Nb13T165.cnf,-,5000.085
../SAT2019/sr2019/new/Zhou/GracefulGraph-K05-P02_c18.cnf,SAT,15.949
../SAT2018/final/Soos/apn-sbox6-cut4-helpbox28.cnf,SAT,3134.214
../SAT2019/sr2019/new/Skladanivskyy/sha1r17m147ABCD.cnf,SAT,266.443
../SAT2019/sr2019/old/002-sc2013.cnf,-,5000.070
../SAT2019/sr2019/new/Bebel/toughsat_26bits_3.cnf,SAT,1069.974
../SAT2019/sr2019/new/vonHolten/b1904P1-8x8c6h5SAT.cnf,-,5000.051
../SAT2018/Heule/CNP-5-200.cnf,SAT,718.966
../SAT2019/sr2019/new/Manthey/sv-comp19_prop-reachsafety.queue_longer_false-unreach-call.i-witness.cnf,-,656.075
../SAT2018/Zha/factoring29986577x29986577.cnf,SAT,34.394
../SAT2019/sr2019/old/26_stack_cas_longest_true-unreach-call.i-cbmc-u2-sc2016.cnf,-,5000.225
../SAT2018/final/Soos/apn-sbox6-cut4-helpbox30.cnf,SAT,478.428
../SAT2018/Scheel/cms-scheel-md4-families-r24-c8-p2-3-4-5-7-12-16-19.cnf,SAT,51.150
../SAT2018/Chowdhury/gto_p50c291.cnf,-,5000.029
../SAT2018/final/Soos/apn-sbox6-cut3-helpbox28.cnf,SAT,315.677
../SAT2019/sr2019/old/IBM_FV_20002_31_1_rule_1_SAT_dat.k95-sc2007.cnf,-,5000.082
../SAT2018/final/Soos/apn-sbox6-cut4-helpbox29.cnf,SAT,458.011
../SAT2018/Mayer-Eichberger/6-4-7.cnf,-,5000.043
../SAT2019/sr2019/new/Biere/eqbpdtlf18sparcl18.cnf,-,5000.036
../SAT2019/sr2019/old/rbsat-v945c61409gyes9-sc2009.cnf,SAT,113.255
../SAT2018/Scheel/cms-scheel-md5-families-r24-c4-p1-3-4-16.cnf,SAT,55.552
../SAT2018/Heusser/satcoin-genesis-SAT-2048.cnf,SAT,149.684
../SAT2018/Xiao/Nb27T6.cnf,UNSAT,368.748
../SAT2018/Ofer/courses_flat_0.16_2017_9.cnf,SAT,4712.121
../SAT2018/Chowdhury/gto_p60c231.cnf,UNSAT,49.310
../SAT2019/sr2019/new/Skladanivskyy/sha1r17m67a.cnf,SAT,182.501
../SAT2018/Jingchao/e_rphp065_04.cnf,UNSAT,454.087
../SAT2018/Devriendt/school1_nsh.col.14.cnf,-,5000.060
../SAT2018/Xiao/Nb8T61.cnf,-,5000.184
../SAT2019/sr2019/old/MD5-29-5-sc2014.cnf,-,5000.017
../SAT2019/sr2019/new/Chen/hcp_d14_14.cnf,-,5000.036
../SAT2018/final/Collatz/C3-2-31.cnf,SAT,44.142
../SAT2019/sr2019/new/Manthey/sv-comp19_prop-reachsafety.newton_2_3_true-unreach-call_true-termination.i-witness.cnf,UNSAT,100.660
../SAT2019/sr2019/old/9pipe_k-sc2012.cnf,UNSAT,120.526
../SAT2019/sr2019/new/Biere/eqspctbk14spwtcl14.cnf,-,5000.038
../SAT2019/sr2019/old/countbitsrotate032-sc2009.cnf,-,5000.011
../SAT2018/Mayer-Eichberger/8-4-9.cnf,-,5000.015
../SAT2018/Heule/CNP-5-1500.cnf,SAT,134.320
../SAT2018/Chowdhury/gto_p60c243.cnf,UNSAT,240.129
../SAT2019/sr2019/old/rpoc_xits_12_UNKNOWN-sc2009.cnf,-,5000.014
../SAT2018/Heule/CNP-5-1300.cnf,SAT,44.371
../SAT2018/Ofer/course_flat_0.2_2018_3.cnf,SAT,1788.049
../SAT2018/Xiao/Nb45T6.cnf,UNSAT,4017.160
../SAT2018/Xiao/Nb8T63.cnf,-,5000.018
../SAT2018/final/Zhou/ramsey-30-4.cnf,SAT,0.396
../SAT2018/final/Soos/apn-sbox6-cut5-helpbox28.cnf,SAT,3528.545
../SAT2019/sr2019/old/vmpc_34.shuffled-as.sat05-1958-sc2005.cnf,SAT,1926.359
../SAT2019/sr2019/old/LABS_n089_goal008-sc2013.cnf,-,5000.044
../SAT2018/final/CRIL/T92.2.0.cnf,UNSAT,408.608
../SAT2018/final/Collatz/cannonball-opt-y.rules.4-10.cnf,-,5000.075
../SAT2019/sr2019/old/countbitswegner128-sc2011.cnf,UNSAT,2264.557
../SAT2018/Konan/TimetableCNFEncoding_17_UNKNOWN.cnf,-,5000.060
../SAT2018/Ehlers/ex051_9.cnf,-,5000.016
../SAT2019/sr2019/new/Manthey/sv-comp19_prop-reachsafety.newton_3_6_false-unreach-call_true-termination.i-witness.cnf,SAT,65.460
../SAT2019/sr2019/new/Skladanivskyy/sha1r17m146ABCD_p.cnf,SAT,2256.888
../SAT2018/Harder/ecarev-110-4099-22-30-7.cnf,SAT,229.296
../SAT2019/sr2019/new/Savicky/size_5_5_5_i272_r12.cnf,-,5000.053
../SAT2018/Ofer/course_flat_0.16_2018_3.cnf,-,5000.144
../SAT2019/sr2019/new/Manthey/sv-comp19_prop-reachsafety.newton_3_7_false-unreach-call_true-termination.i-witness.cnf,SAT,216.576
../SAT2019/sr2019/old/course0.2_2018_3-sc2018.cnf,SAT,3971.641
../SAT2019/sr2019/new/Heule/MM-23-3-3-N.cnf,-,5000.049
../SAT2018/final/Collatz/cz-alt-3-7.cnf,UNSAT,3141.401
../SAT2018/Chowdhury/gto_p60c239.cnf,UNSAT,68.242
../SAT2018/Xiao/Nb29T6.cnf,UNSAT,600.938
../SAT2018/Ehlers/ex025_19.cnf,-,5000.043
../SAT2019/sr2019/old/dp12u11.used-as.sat04-358-sc2004.cnf,UNSAT,236.726
../SAT2018/Jingchao/ae_rphp035_05.cnf,UNSAT,633.577
../SAT2018/Heule/CNP-5-1700.cnf,SAT,766.120
../SAT2018/final/Johnson/sted1_0x24204-330.cnf,SAT,173.236
../SAT2018/Devriendt/queen8_12.col.12.cnf,UNSAT,1603.906
../SAT2019/sr2019/new/Heule/MM-23-2-4-B.cnf,-,5000.047
../SAT2018/Chowdhury/gto_p60c231_1.cnf,UNSAT,52.542
../SAT2018/final/Collatz/less-cy-caa.rules.6-4.cnf,-,5000.011
../SAT2019/sr2019/old/mod2c-3cage-unsat-10-2.sat05-2567.reshuffled-07-sc2007.cnf,UNSAT,385.882
../SAT2018/Harder/ecarev-110-1031-23-40-6.cnf,SAT,762.261
../SAT2018/Zha/factoring94418953x321534781.cnf,-,5000.047
../SAT2019/sr2019/new/Savicky/size_5_5_5_i116_r12.cnf,SAT,1025.942
../SAT2019/sr2019/new/Skladanivskyy/sha1r17m72a_p.cnf,SAT,438.247
../SAT2018/Biere/sdiv16prop.cnf,UNSAT,518.566
../SAT2019/sr2019/old/MUS-v310-4-sc2013.cnf,UNSAT,400.047
../SAT2019/sr2019/old/rphp5_100_shuffled-sc2016.cnf,-,5000.029
../SAT2019/sr2019/old/sokoban-p20.sas.cr.35-sc2016.cnf,-,5000.028
../SAT2019/sr2019/old/frb59-26-1.used-as.sat04-891-sc2011.cnf,-,5001.395
../SAT2019/sr2019/old/006-23-96-sc2014.cnf,-,5000.012
../SAT2019/sr2019/new/Manthey/sv-comp19_prop-reachsafety.race-4_2-thread_local_vars_false-unreach-call.i-witness.cnf,SAT,304.807
../SAT2018/Xiao/Nb14T194.cnf,-,5000.094
../SAT2018/Biere/udiv40prop.cnf,UNSAT,3213.782
../SAT2019/sr2019/old/gensys-icl005.shuffled-as.sat05-3826-sc2011.cnf,UNSAT,470.618
../SAT2018/Ofer/exam_flat_0.04_2018_3.cnf,-,5000.042
../SAT2018/Heusser/satcoin-genesis-SAT-5.cnf,SAT,2.633
../SAT2019/sr2019/old/k_unsat-sc2013.cnf,-,5000.018
../SAT2019/sr2019/old/vmpc_30-sc2007.cnf,SAT,93.117
../SAT2018/Konan/TimetableCNFEncoding_6_UNKNOWN.cnf,-,5000.029
../SAT2018/final/Zhou/bibd-16-80-15-3-2_glb.cnf,SAT,82.604
../SAT2019/sr2019/new/Heule/MM-23-2-2-3-B.cnf,-,5000.017
../SAT2019/sr2019/old/SGI_30_60_24_40_2-dir.shuffled-as.sat03-118-sc2002.cnf,UNSAT,1145.802
../SAT2019/sr2019/old/LABS_n087_goal008-sc2013.cnf,-,5000.014
../SAT2018/final/CRIL/T107.2.0.cnf,UNSAT,496.905
../SAT2018/final/Collatz/1mod8.rules.7-7.cnf,-,5000.014
../SAT2018/Manthey/Problem11_label29_false-unreach-call.c.cnf,SAT,287.735
../SAT2019/sr2019/new/Zhou/knight_16.cnf,SAT,319.855
../SAT2019/sr2019/new/Heule/MM-23-2-2-2-2-C.cnf,-,5000.035
../SAT2019/sr2019/new/Zhou/Pb-chnl15-16_c18.cnf,-,5000.039
../SAT2018/Ofer/course_flat_0.12_2018_3_3.cnf,-,5000.022
../SAT2018/final/Johnson/sted1_0x24204-350.cnf,-,5000.046
../SAT2019/sr2019/new/Heule/MM-23-3-3-B.cnf,-,5000.032
../SAT2019/sr2019/new/Biere/eq2csparrc162cbpwtcl16.cnf,-,5000.020
../SAT2018/final/Soos/apn-sbox5-cut5-symmbreak.cnf,-,5000.008
../SAT2019/sr2019/new/Skladanivskyy/sha1r17m63a_p.cnf,SAT,276.452
../SAT2019/sr2019/new/Zhou/CarSequencing-90-02_c18.cnf,SAT,121.340
../SAT2018/Manthey/pals_lcr-var-start-time.5_true-unreach-call.ufo.UNBOUNDED.pals.c.cnf,UNSAT,325.204
../SAT2018/final/Collatz/ad-A-3-7-17.cnf,-,5000.010
../SAT2018/Jingchao/e_rphp096_04.cnf,UNSAT,4764.556
../SAT2018/Liang/quadratic_tight_error.c.cnf,UNSAT,148.514
../SAT2018/final/Collatz/by-X-2-7-100.cnf,UNSAT,2454.248
../SAT2019/sr2019/new/Savicky/size_5_5_5_i044_r12.cnf,-,5000.047
../SAT2019/sr2019/old/aes_24_4_keyfind_5-sc2014.cnf,SAT,105.382
../SAT2018/Zha/prime_119218851371.cnf,UNSAT,113.176
../SAT2018/Chowdhury/gto_p60c235.cnf,UNSAT,244.230
../SAT2019/sr2019/new/Zhou/SocialGolfers-6-6-6-cp_c18.cnf,-,5003.597
../SAT2018/Ehlers/ex175_18.cnf,SAT,4337.271
../SAT2018/Konan/TimetableCNFEncoding_3_UNKNOWN.cnf,-,5000.055
../SAT2019/sr2019/new/Biere/eqbpdtlf14spctbk14.cnf,-,5000.041
../SAT2018/Xiao/Nb52T6.cnf,-,5000.129
../SAT2019/sr2019/new/Zhou/Pb-chnl20-21_c18.cnf,-,5000.015
../SAT2019/sr2019/old/002-80-8-sc2014.cnf,SAT,480.000
../SAT2019/sr2019/new/Chen/hcp_CP22_22.cnf,-,5000.038
../SAT2018/Jingchao/a_rphp085_04.cnf,-,5000.036
../SAT2018/Zha/Karatsuba4477457x5308417.cnf,SAT,369.941
../SAT2019/sr2019/new/vonHolten/b1904P3-8x8c11h7UNSAT.cnf,UNSAT,730.942
../SAT2018/Chowdhury/gto_p50c314.cnf,-,5000.008
../SAT2018/Chowdhury/gto_p50c345_1.cnf,-,5000.017
../SAT2018/Konan/TimetableCNFEncoding_1_UNKNOWN.cnf,-,5000.055
../SAT2018/Scheel/cms-scheel-md4-families-r24-c4-p4-9-13-18.cnf,SAT,2289.593
../SAT2018/final/CRIL/T122.2.0.cnf,UNSAT,462.337
../SAT2018/Heusser/satcoin-genesis-SAT-10.cnf,SAT,4.082
../SAT2019/sr2019/old/total-10-15-u-sc2007.cnf,-,5000.059
../SAT2018/Heule/CNP-5-400.cnf,SAT,2820.327
../SAT2018/Heusser/satcoin-genesis-SAT-16.cnf,SAT,5.233
../SAT2019/sr2019/new/Zhou/QuasiGroup-4-12_c18.cnf,SAT,738.776
../SAT2018/final/CRIL/T125.2.0.cnf,UNSAT,452.914
../SAT2019/sr2019/new/Biere/cruxmiter29seed4.cnf,UNSAT,464.851
../SAT2018/final/Zhou/ortholatin-7.cnf,SAT,35.227
../SAT2019/sr2019/new/Chen/hcp_d16_16.cnf,-,5000.080
../SAT2018/Chen/20180326_095804286_p_cnf_320_1120.cnf,-,5000.011
../SAT2019/sr2019/old/ACG-20-10p1-sc2009.cnf,SAT,1560.255
../SAT2018/Chen/20180322_164241329_p_cnf_320_1120.cnf,SAT,3953.719
../SAT2019/sr2019/new/Biere/eqspdtlf14bpwtrc14.cnf,-,5000.007
../SAT2019/sr2019/old/test_v7_r12_vr10_c1_s18160.smt2-stp212-sc2016.cnf,-,5000.024
../SAT2018/Konan/TimetableCNFEncoding_2_UNKNOWN.cnf,-,5000.017
../SAT2018/final/Zhou/si2-b03m-m800-03.cnf,SAT,122.969
../SAT2019/sr2019/new/Zaikin/Grain_no_init_ver1_out200_known_last104_0.cnf,SAT,805.897
../SAT2019/sr2019/new/Biere/eqbpdtlf14bpwtcl14.cnf,UNSAT,120.467
../SAT2019/sr2019/new/Bebel/toughsat_24bits_0.cnf,SAT,50.904
../SAT2018/Scheel/cms-scheel-md4-families-r24-c5-p1-8-13-18-19.cnf,SAT,363.344
../SAT2019/sr2019/old/6s139-sc2013.cnf,UNSAT,3327.693
../SAT2019/sr2019/old/ecarev-110-1031-23-40-8-sc2018.cnf,SAT,867.463
../SAT2018/Heusser/satcoin-genesis-SAT-9.cnf,SAT,3.753
../SAT2019/sr2019/old/f6nidw-sc2012.cnf,UNSAT,23.711
../SAT2019/sr2019/old/UTI-20-10p1-sc2009.cnf,SAT,592.175
../SAT2019/sr2019/new/Bebel/toughsat_25bits_1.cnf,SAT,626.543
../SAT2019/sr2019/old/sha2.shuffled-as.sat03-442-sc2002.cnf,-,5000.048
../SAT2019/sr2019/new/Savicky/size_4_4_4_i0566_r8.cnf,UNSAT,700.394
../SAT2019/sr2019/new/Zaikin/Grain_no_init_ver1_out200_known_last105_0_u.cnf,UNSAT,731.469
../SAT2018/Harder/ecarev-110-4099-22-30-4.cnf,SAT,282.498
../SAT2018/final/CRIL/T86.2.0.cnf,UNSAT,488.482
../SAT2019/sr2019/new/Chen/hcp_bij16_16.cnf,-,5000.070
../SAT2018/final/Johnson/sted1_0x0-420.cnf,-,5000.033
../SAT2019/sr2019/new/Savicky/size_4_4_4_i4096_r8.cnf,UNSAT,313.722
../SAT2019/sr2019/old/rbcl_xits_13_UNKNOWN-sc2009.cnf,-,5000.034
../SAT2019/sr2019/new/Skladanivskyy/sha1r17m148ABCD_p.cnf,SAT,964.754
../SAT2019/sr2019/new/Heule/MM-23-4-4-4-4-1.cnf,-,5000.052
../SAT2019/sr2019/new/Bebel/toughsat_26bits_1.cnf,SAT,634.446
../SAT2018/Porkhunov/Cake_9_19.cnf,-,5000.019
../SAT2019/sr2019/old/satcoin-genesis-SAT-10-sc2018.cnf,SAT,12.258
../SAT2019/sr2019/new/Zhou/QuasiGroup-4-10_c18.cnf,-,5000.007
../SAT2019/sr2019/new/Heule/MM-23-no-type3.cnf,-,5000.036
../SAT2019/sr2019/old/partial-10-11-s-sc2007.cnf,SAT,380.246
../SAT2019/sr2019/old/ndhf_xits_16_UNKNOWN-sc2009.cnf,-,5000.045
../SAT2019/sr2019/new/Chen/hcp_CP14_14.cnf,SAT,163.040
../SAT2019/sr2019/new/Savicky/size_4_4_4_i3499_r8.cnf,UNSAT,410.149
../SAT2018/Heusser/satcoin-genesis-SAT-3.cnf,SAT,2.265
../SAT2018/Porkhunov/mchess_20.cnf,-,5000.237
../SAT2018/Manthey/Problem14_label14_false-unreach-call.c.cnf,SAT,165.673
../SAT2018/Ehlers/ex187_10.cnf,SAT,232.214
../SAT2019/sr2019/old/ctl_4291_567_2_unsat-sc2013.cnf,UNSAT,1773.624
../SAT2019/sr2019/new/Zhou/GracefulGraph-K04-P04_c18.cnf,SAT,38.721
../SAT2018/Chowdhury/gto_p50c312.cnf,-,5000.015
../SAT2019/sr2019/new/Chen/hcp_r26_26.cnf,-,63.176
../SAT2019/sr2019/old/008-80-8-sc2014.cnf,SAT,107.158
../SAT2018/Chowdhury/gto_p50c345.cnf,-,5000.006
../SAT2018/Zha/Karatsuba7654321x1234567.cnf,SAT,485.931
../SAT2018/Porkhunov/Cake_9_20.cnf,-,5000.020
../SAT2018/Chowdhury/gto_p60c343.cnf,-,5000.020
../SAT2019/sr2019/old/stone-width3chain-nmarkers-20_shuffled-sc2016.cnf,-,5005.683
../SAT2018/final/Soos/apn-sbox6-cut5-helpbox26.cnf,-,5000.051
../SAT2019/sr2019/old/6-4-6-sc2018.cnf,-,5000.013
../SAT2018/Biere/uniqinv45prop.cnf,UNSAT,212.638
../SAT2018/Ofer/courses0.2_2017_9.cnf,SAT,2302.898
../SAT2019/sr2019/new/Zhou/frb-40-19-1-mgd_c18.cnf,SAT,17.611
../SAT2019/sr2019/old/atco_enc2_opt2_05_9-sc2014.cnf,SAT,206.980
../SAT2019/sr2019/new/Biere/eqsparrc16spwtcl16.cnf,-,5000.028
../SAT2018/Chowdhury/gto_p50c307.cnf,-,5000.005
../SAT2018/Scheel/cms-scheel-md5-families-r24-c11-p1-4-6-9-10-11-13-15-17-18-19.cnf,SAT,30.457
../SAT2019/sr2019/old/apn-sbox6-cut4-helpbox31-sc2018.cnf,SAT,950.483
../SAT2019/sr2019/old/snw_13_8_pre-sc2016.cnf,UNSAT,1498.678
../SAT2018/Ofer/courses_flat_0.12_2017_9.cnf,-,5000.098
../SAT2019/sr2019/old/partial-5-19-u-sc2007.cnf,-,5000.034
../SAT2019/sr2019/old/ex051_9-sc2018.cnf,-,5000.030
../SAT2019/sr2019/old/sokoban-p16.sas.ex.15-sc2016.cnf,UNSAT,1008.615
../SAT2018/Biere/uniqinv30prop.cnf,UNSAT,90.520
../SAT2019/sr2019/old/atco_enc1_opt1_04_32-sc2014.cnf,SAT,346.950
../SAT2019/sr2019/new/Manthey/sv-comp19_prop-reachsafety.sine_8_true-unreach-call_true-termination.i-witness.cnf,UNSAT,13.562
../SAT2018/Heule/CNP-5-1200.cnf,SAT,799.152
../SAT2018/Ofer/exam0.04_2018_3.cnf,SAT,3826.177
../SAT2018/final/Soos/apn-sbox6-cut3-helpbox30.cnf,SAT,581.995
../SAT2019/sr2019/new/Biere/eqspctbk12bpwtrc12.cnf,-,5000.012
../SAT2018/final/CRIL/T82.2.0.cnf,UNSAT,490.533
../SAT2018/Jingchao/ae_rphp062_05.cnf,-,5000.062
../SAT2019/sr2019/old/MD5-29-4-sc2014.cnf,-,5000.015
../SAT2019/sr2019/new/Heule/MM-23-2-2-2-2-A.cnf,-,5000.016
../SAT2019/sr2019/new/Biere/eqbparrc12spctbk12.cnf,-,5000.022
../SAT2018/Mayer-Eichberger/8-4-8.cnf,-,5000.040
../SAT2019/sr2019/new/Skladanivskyy/sha1r17m148ABCD.cnf,SAT,1124.330
../SAT2018/Chen/20180321_140827428_p_cnf_320_1120.cnf,SAT,4240.498
../SAT2019/sr2019/new/Heule/MM-23-5-A.cnf,-,5000.013
../SAT2018/Xiao/Nb51T6.cnf,-,5000.132
../SAT2018/Chen/20180321_110704973_p_cnf_320_1120.cnf,-,5000.012
../SAT2018/Xiao/Nb49T6.cnf,-,5000.125
../SAT2019/sr2019/new/vonHolten/b1904P3-8x8c11h0SAT.cnf,-,5000.075
../SAT2018/Heule/CNP-5-0.cnf,SAT,935.637
../SAT2019/sr2019/old/srhd-sgi-m62-q1504.5-n60-p30-s88600538-sc2011.cnf,-,5002.222
../SAT2018/Xiao/Nb39T6.cnf,UNSAT,1115.139
../SAT2018/final/Johnson/sted1_0x0-350.cnf,-,5000.045
../SAT2018/final/Soos/apn-sbox5-cut3-symmbreak.cnf,-,5000.028
../SAT2019/sr2019/new/Savicky/size_5_5_5_i003_r12.cnf,-,5000.018
../SAT2019/sr2019/new/Manthey/sv-comp19_prop-reachsafety.square_5_true-unreach-call_true-termination.i-witness.cnf,UNSAT,55.984
../SAT2019/sr2019/old/ak128astepbg2msaig-sc2016.cnf,-,5000.018
../SAT2018/Porkhunov/Cake_8_16.cnf,-,5000.047
../SAT2018/Manthey/filter1_true-unreach-call.c.cnf,UNSAT,493.603
../SAT2018/Jingchao/a_rphp098_04.cnf,-,5000.016
../SAT2019/sr2019/new/Zaikin/Trivium_no_init_out350_known_last142_1_u.cnf,UNSAT,1346.663
../SAT2019/sr2019/new/Savicky/size_5_5_5_i223_r12.cnf,-,5000.015
../SAT2019/sr2019/new/Chen/hcp_d20_20.cnf,-,5000.017
../SAT2019/sr2019/new/Zaikin/Mickey_out250_known_last147_0.cnf,SAT,343.567
../SAT2018/Zha/Karatsuba6972593x13466917.cnf,SAT,416.469
../SAT2018/Devriendt/school1.col.14.cnf,-,5000.035
../SAT2019/sr2019/old/ex175_18-sc2018.cnf,SAT,2477.246
../SAT2019/sr2019/old/sokoban-p16.sas.ex.23-sc2016.cnf,-,5000.148
../SAT2018/Jingchao/a_rphp045_05.cnf,-,5000.016
../SAT2019/sr2019/new/Bebel/toughsat_23bits_1.cnf,SAT,22.200
../SAT2019/sr2019/new/Skladanivskyy/sha1r17m63a.cnf,SAT,128.131
../SAT2019/sr2019/old/QG7a-gensys-ukn002.sat05-3842.reshuffled-07-sc2007.cnf,UNSAT,458.903
../SAT2019/sr2019/new/Zhou/knight_18.cnf,SAT,1111.391
../SAT2018/Ehlers/ex009_10.cnf,SAT,2172.302
../SAT2019/sr2019/new/Savicky/size_4_4_4_i4828_r8.cnf,UNSAT,572.450
../SAT2019/sr2019/old/ak128modasbg2asisc-sc2016.cnf,-,5000.035
../SAT2018/Heule/CNP-5-300.cnf,SAT,741.535
